timestamp,price,short_ma,long_ma,signal
2025-11-06 23:34:00,102681.99,nan,nan,HOLD
2025-11-06 23:35:00,102462.92,nan,nan,HOLD
2025-11-06 23:36:00,102562.81,nan,nan,HOLD
2025-11-06 23:37:00,102647.57,nan,nan,HOLD
2025-11-06 23:38:00,102684.84,nan,nan,HOLD
2025-11-06 23:39:00,102556.28,nan,nan,HOLD
2025-11-06 23:40:00,102455.49,nan,nan,HOLD
2025-11-06 23:41:00,102377.99,nan,nan,HOLD
2025-11-06 23:42:00,102613.16,nan,nan,HOLD
2025-11-06 23:43:00,102548.51,nan,nan,HOLD
2025-11-06 23:44:00,102516.89,nan,nan,HOLD
2025-11-06 23:46:00,102811.98,nan,nan,HOLD
2025-11-06 23:47:00,102792.19,nan,nan,HOLD
2025-11-06 23:48:00,102841.12,nan,nan,HOLD
2025-11-06 23:49:00,102831.52,nan,nan,HOLD
2025-11-06 23:50:00,102643.50,nan,nan,HOLD
2025-11-06 23:51:00,102559.23,nan,nan,HOLD
2025-11-06 23:52:00,102388.54,nan,nan,HOLD
2025-11-06 23:53:00,102301.38,nan,nan,HOLD
2025-11-06 23:54:00,102214.72,nan,nan,HOLD
2025-11-06 23:55:00,102143.40,nan,nan,HOLD
2025-11-06 23:56:00,102200.00,nan,nan,HOLD
2025-11-06 23:57:00,102115.78,nan,nan,HOLD
2025-11-06 23:58:00,102095.69,nan,nan,HOLD
2025-11-06 23:59:00,102063.28,nan,nan,HOLD
2025-11-07 00:00:00,102063.61,nan,nan,HOLD
2025-11-07 00:01:00,102009.45,nan,nan,HOLD
2025-11-07 00:02:00,101977.08,nan,nan,HOLD
2025-11-07 00:03:00,101920.23,nan,nan,HOLD
2025-11-07 00:04:00,102160.06,nan,nan,HOLD
2025-11-07 00:05:00,102132.29,nan,nan,HOLD
2025-11-07 00:06:00,102223.39,nan,nan,HOLD
2025-11-07 00:07:00,102280.00,nan,nan,HOLD
2025-11-07 00:08:00,102167.00,nan,nan,HOLD
2025-11-07 00:09:00,102199.59,nan,nan,HOLD
2025-11-07 00:10:00,102282.76,nan,nan,HOLD
2025-11-07 00:11:00,102420.13,nan,nan,HOLD
2025-11-07 00:12:00,102238.01,nan,nan,HOLD
2025-11-07 00:13:00,102352.39,nan,nan,HOLD
2025-11-07 00:14:00,102344.49,nan,nan,HOLD
2025-11-07 00:15:00,102152.27,nan,nan,HOLD
2025-11-07 00:16:00,102158.27,nan,nan,HOLD
2025-11-07 00:17:00,102282.68,nan,nan,HOLD
2025-11-07 00:18:00,102372.31,nan,nan,HOLD
2025-11-07 00:19:00,102512.40,nan,nan,HOLD
2025-11-07 00:20:00,102542.00,nan,nan,HOLD
2025-11-07 00:21:00,102836.06,nan,nan,HOLD
2025-11-07 00:22:00,102778.31,nan,nan,HOLD
2025-11-07 00:23:00,102881.47,nan,nan,HOLD
2025-11-07 00:24:00,102831.99,102404.58,nan,HOLD
2025-11-07 00:25:00,102692.93,102404.80,nan,HOLD
2025-11-07 00:26:00,102699.49,102409.53,nan,HOLD
2025-11-07 00:27:00,102413.47,102406.54,nan,HOLD
2025-11-07 00:28:00,102534.67,102404.29,nan,HOLD
2025-11-07 00:29:00,102520.00,102400.99,nan,HOLD
2025-11-07 00:30:00,102419.51,102398.25,nan,HOLD
2025-11-07 00:31:00,102265.27,102394.45,nan,HOLD
2025-11-07 00:32:00,102320.57,102393.30,nan,HOLD
2025-11-07 00:33:00,102358.36,102388.20,nan,HOLD
2025-11-07 00:34:00,102082.44,102378.88,nan,HOLD
2025-11-07 00:35:00,102307.68,102374.70,nan,HOLD
2025-11-07 00:36:00,102069.35,102359.85,nan,HOLD
2025-11-07 00:37:00,102005.17,102344.11,nan,HOLD
2025-11-07 00:38:00,102029.63,102327.88,nan,HOLD
2025-11-07 00:39:00,101943.26,102310.11,nan,HOLD
2025-11-07 00:40:00,101850.00,102294.24,nan,HOLD
2025-11-07 00:41:00,101892.03,102280.90,nan,HOLD
2025-11-07 00:42:00,101981.83,102272.76,nan,HOLD
2025-11-07 00:43:00,102127.02,102269.28,nan,HOLD
2025-11-07 00:44:00,101960.42,102264.19,nan,HOLD
2025-11-07 00:45:00,101890.68,102259.14,nan,HOLD
2025-11-07 00:46:00,101936.72,102253.87,nan,HOLD
2025-11-07 00:47:00,101842.41,102248.40,nan,HOLD
2025-11-07 00:48:00,101711.24,102240.71,nan,HOLD
2025-11-07 00:49:00,101699.74,102233.44,nan,HOLD
2025-11-07 00:50:00,101904.75,102230.27,nan,HOLD
2025-11-07 00:51:00,101855.85,102227.19,nan,HOLD
2025-11-07 00:52:00,101709.32,102221.84,nan,HOLD
2025-11-07 00:53:00,101892.76,102221.29,nan,HOLD
2025-11-07 00:54:00,102053.59,102219.16,nan,HOLD
2025-11-07 00:55:00,102075.83,102218.03,nan,HOLD
2025-11-07 00:56:00,101964.72,102212.86,nan,HOLD
2025-11-07 00:57:00,102001.65,102207.29,nan,HOLD
2025-11-07 00:58:00,102033.32,102204.62,nan,HOLD
2025-11-07 00:59:00,102081.05,102202.25,nan,HOLD
2025-11-07 01:00:00,101989.99,102196.39,nan,HOLD
2025-11-07 01:01:00,102031.34,102188.61,nan,HOLD
2025-11-07 01:02:00,102030.16,102184.46,nan,HOLD
2025-11-07 01:03:00,102127.57,102179.96,nan,HOLD
2025-11-07 01:04:00,102044.48,102173.96,nan,HOLD
2025-11-07 01:05:00,102262.26,102176.16,nan,HOLD
2025-11-07 01:06:00,102336.69,102179.73,nan,HOLD
2025-11-07 01:07:00,102142.85,102176.93,nan,HOLD
2025-11-07 01:08:00,102171.14,102172.91,nan,HOLD
2025-11-07 01:09:00,102166.68,102165.99,nan,HOLD
2025-11-07 01:10:00,102106.04,102157.28,nan,HOLD
2025-11-07 01:11:00,101945.16,102139.46,nan,HOLD
2025-11-07 01:12:00,101880.00,102121.49,nan,HOLD
2025-11-07 01:13:00,101870.42,102101.27,nan,HOLD
2025-11-07 01:14:00,101852.71,102081.68,nan,HOLD
2025-11-07 01:15:00,101842.95,102064.68,nan,HOLD
2025-11-07 01:16:00,101867.48,102048.04,nan,HOLD
2025-11-07 01:17:00,101722.49,102034.23,nan,HOLD
2025-11-07 01:18:00,101754.83,102018.63,nan,HOLD
2025-11-07 01:19:00,101660.67,102001.44,nan,HOLD
2025-11-07 01:20:00,101595.48,101984.96,nan,HOLD
2025-11-07 01:21:00,101643.82,101972.53,nan,HOLD
2025-11-07 01:22:00,101587.78,101957.88,nan,HOLD
2025-11-07 01:23:00,101587.08,101942.45,nan,HOLD
2025-11-07 01:24:00,101554.09,101931.88,nan,HOLD
2025-11-07 01:25:00,101675.59,101919.24,nan,HOLD
2025-11-07 01:26:00,101787.79,101913.61,nan,HOLD
2025-11-07 01:27:00,101765.34,101908.81,nan,HOLD
2025-11-07 01:28:00,101826.65,101904.75,nan,HOLD
2025-11-07 01:29:00,101805.82,101902.01,nan,HOLD
2025-11-07 01:30:00,101677.53,101898.56,nan,HOLD
2025-11-07 01:31:00,101668.68,101894.09,nan,HOLD
2025-11-07 01:32:00,101545.49,101885.36,nan,HOLD
2025-11-07 01:33:00,101545.64,101873.73,nan,HOLD
2025-11-07 01:34:00,101490.23,101864.33,nan,HOLD
2025-11-07 01:35:00,101444.01,101855.40,nan,HOLD
2025-11-07 01:36:00,101347.57,101843.61,nan,HOLD
2025-11-07 01:37:00,101359.80,101833.96,nan,HOLD
2025-11-07 01:38:00,101340.78,101826.55,nan,HOLD
2025-11-07 01:39:00,101177.38,101816.11,nan,HOLD
2025-11-07 01:40:00,100943.21,101796.88,nan,HOLD
2025-11-07 01:41:00,100739.20,101774.54,nan,HOLD
2025-11-07 01:42:00,100525.28,101750.86,nan,HOLD
2025-11-07 01:43:00,100391.48,101720.84,nan,HOLD
2025-11-07 01:44:00,100586.81,101691.50,nan,HOLD
2025-11-07 01:45:00,100561.63,101661.22,nan,HOLD
2025-11-07 01:46:00,100740.00,101636.72,nan,HOLD
2025-11-07 01:47:00,100631.80,101609.32,nan,HOLD
2025-11-07 01:48:00,100651.64,101581.69,nan,HOLD
2025-11-07 01:49:00,100524.45,101550.56,nan,HOLD
2025-11-07 01:50:00,100431.73,101519.39,nan,HOLD
2025-11-07 01:51:00,100594.22,101490.65,nan,HOLD
2025-11-07 01:52:00,100930.00,101468.65,nan,HOLD
2025-11-07 01:53:00,101013.75,101446.37,nan,HOLD
2025-11-07 01:54:00,101141.91,101428.32,nan,HOLD
2025-11-07 01:55:00,100879.38,101400.66,nan,HOLD
2025-11-07 01:56:00,100731.49,101368.56,nan,HOLD
2025-11-07 01:57:00,100825.64,101342.21,nan,HOLD
2025-11-07 01:58:00,100804.72,101314.89,nan,HOLD
2025-11-07 01:59:00,100869.07,101288.93,nan,HOLD
2025-11-07 02:00:00,100972.44,101266.26,nan,HOLD
2025-11-07 02:01:00,100984.12,101247.04,nan,HOLD
2025-11-07 02:02:00,101016.38,101229.77,nan,HOLD
2025-11-07 02:03:00,100887.02,101210.10,nan,HOLD
2025-11-07 02:04:00,101080.49,101194.66,nan,HOLD
2025-11-07 02:05:00,101032.07,101178.44,nan,HOLD
2025-11-07 02:06:00,101074.29,101162.58,nan,HOLD
2025-11-07 02:07:00,100941.10,101146.95,nan,HOLD
2025-11-07 02:08:00,100824.13,101128.33,nan,HOLD
2025-11-07 02:09:00,101097.72,101117.07,nan,HOLD
2025-11-07 02:10:00,101300.01,101111.16,nan,HOLD
2025-11-07 02:11:00,101438.89,101107.07,nan,HOLD
2025-11-07 02:12:00,101196.00,101099.23,nan,HOLD
2025-11-07 02:13:00,101118.58,101089.86,nan,HOLD
2025-11-07 02:14:00,100934.42,101077.47,nan,HOLD
2025-11-07 02:15:00,101006.14,101064.08,nan,HOLD
2025-11-07 02:16:00,101104.21,101050.41,nan,HOLD
2025-11-07 02:17:00,101013.69,101035.37,nan,HOLD
2025-11-07 02:18:00,101052.58,101019.89,nan,HOLD
2025-11-07 02:19:00,101063.77,101005.05,nan,HOLD
2025-11-07 02:20:00,101015.00,100991.80,nan,HOLD
2025-11-07 02:21:00,100898.02,100976.39,nan,HOLD
2025-11-07 02:22:00,101017.74,100965.83,nan,HOLD
2025-11-07 02:23:00,101062.82,100956.18,nan,HOLD
2025-11-07 02:24:00,101120.43,100948.78,nan,HOLD
2025-11-07 02:25:00,101179.00,100943.48,nan,HOLD
2025-11-07 02:26:00,101136.50,100939.26,nan,HOLD
2025-11-07 02:27:00,101222.68,100936.52,nan,HOLD
2025-11-07 02:28:00,101386.59,100937.43,nan,HOLD
2025-11-07 02:29:00,101440.75,100942.70,nan,HOLD
2025-11-07 02:30:00,101277.95,100949.39,nan,HOLD
2025-11-07 02:31:00,101240.17,100959.41,nan,HOLD
2025-11-07 02:32:00,101364.27,100976.19,nan,HOLD
2025-11-07 02:33:00,101470.62,100997.78,nan,HOLD
2025-11-07 02:34:00,101358.37,101013.21,nan,HOLD
2025-11-07 02:35:00,101468.13,101031.34,nan,HOLD
2025-11-07 02:36:00,101511.95,101046.78,nan,HOLD
2025-11-07 02:37:00,101452.42,101063.19,nan,HOLD
2025-11-07 02:38:00,101362.20,101077.40,nan,HOLD
2025-11-07 02:39:00,101287.09,101092.65,nan,HOLD
2025-11-07 02:40:00,101270.67,101109.43,nan,HOLD
2025-11-07 02:41:00,101226.96,101122.09,nan,HOLD
2025-11-07 02:42:00,101266.47,101128.82,nan,HOLD
2025-11-07 02:43:00,101392.06,101136.38,nan,HOLD
2025-11-07 02:44:00,101344.70,101140.44,nan,HOLD
2025-11-07 02:45:00,101368.87,101150.23,nan,HOLD
2025-11-07 02:46:00,101403.49,101163.67,nan,HOLD
2025-11-07 02:47:00,101574.20,101178.64,nan,HOLD
2025-11-07 02:48:00,101740.13,101197.35,nan,HOLD
2025-11-07 02:49:00,101628.83,101212.54,nan,HOLD
2025-11-07 02:50:00,101866.99,101230.43,nan,HOLD
2025-11-07 02:51:00,101887.11,101248.49,nan,HOLD
2025-11-07 02:52:00,101817.52,101264.52,nan,HOLD
2025-11-07 02:53:00,101727.75,101281.33,nan,HOLD
2025-11-07 02:54:00,101859.64,101296.91,101744.46,HOLD
2025-11-07 02:55:00,101804.68,101312.37,101740.07,HOLD
2025-11-07 02:56:00,101741.78,101325.72,101736.47,HOLD
2025-11-07 02:57:00,101685.91,101340.61,101732.08,HOLD
2025-11-07 02:58:00,101775.85,101359.65,101727.72,HOLD
2025-11-07 02:59:00,101804.02,101373.77,101723.32,HOLD
2025-11-07 03:00:00,101691.57,101381.60,101719.00,HOLD
2025-11-07 03:01:00,101759.83,101388.02,101715.52,HOLD
2025-11-07 03:02:00,101700.01,101398.10,101712.13,HOLD
2025-11-07 03:03:00,101546.21,101406.66,101706.79,HOLD
2025-11-07 03:04:00,101505.43,101418.08,101701.58,HOLD
2025-11-07 03:05:00,101443.44,101426.82,101696.21,HOLD
2025-11-07 03:06:00,101389.63,101432.53,101689.10,HOLD
2025-11-07 03:07:00,101511.11,101442.48,101682.69,HOLD
2025-11-07 03:09:00,101456.31,101450.55,101675.77,HOLD
2025-11-07 03:10:00,101313.33,101455.54,101668.18,HOLD
2025-11-07 03:11:00,101354.73,101462.34,101661.73,HOLD
2025-11-07 03:12:00,101313.30,101470.64,101655.50,HOLD
2025-11-07 03:13:00,101357.72,101477.44,101650.35,HOLD
2025-11-07 03:14:00,101355.04,101483.29,101645.62,HOLD
2025-11-07 03:15:00,101357.85,101488.04,101641.33,HOLD
2025-11-07 03:16:00,101315.66,101490.77,101637.20,HOLD
2025-11-07 03:17:00,101133.38,101490.71,101631.86,HOLD
2025-11-07 03:18:00,101078.51,101487.82,101626.68,HOLD
2025-11-07 03:19:00,100958.12,101479.25,101620.99,HOLD
2025-11-07 03:20:00,101002.48,101470.49,101615.68,HOLD
2025-11-07 03:21:00,101092.92,101466.79,101610.83,HOLD
2025-11-07 03:22:00,101115.30,101464.29,101606.36,HOLD
2025-11-07 03:23:00,101203.69,101461.08,101602.49,HOLD
2025-11-07 03:24:00,101270.22,101457.07,101599.24,HOLD
2025-11-07 03:25:00,101298.65,101455.88,101594.94,HOLD
2025-11-07 03:26:00,101303.88,101452.59,101590.79,HOLD
2025-11-07 03:27:00,101524.24,101452.84,101587.30,HOLD
2025-11-07 03:28:00,101343.73,101450.66,101582.62,HOLD
2025-11-07 03:29:00,101423.70,101451.89,101578.90,HOLD
2025-11-07 03:30:00,101370.74,101453.57,101574.76,HOLD
2025-11-07 03:31:00,101489.65,101457.95,101570.79,HOLD
2025-11-07 03:32:00,101526.91,101463.95,101566.32,HOLD
2025-11-07 03:33:00,101616.16,101470.94,101563.22,HOLD
2025-11-07 03:34:00,101547.12,101474.04,101559.19,HOLD
2025-11-07 03:35:00,101592.01,101478.99,101555.43,HOLD
2025-11-07 03:36:00,101736.76,101486.34,101553.35,HOLD
2025-11-07 03:37:00,101767.43,101493.62,101551.39,HOLD
2025-11-07 03:38:00,101737.54,101496.89,101548.67,HOLD
2025-11-07 03:39:00,101709.36,101496.27,101545.35,HOLD
2025-11-07 03:40:00,101837.11,101500.44,101541.98,HOLD
2025-11-07 03:41:00,101661.93,101496.34,101537.58,HOLD
2025-11-07 03:42:00,101638.10,101491.36,101531.59,HOLD
2025-11-07 03:43:00,101755.84,101490.13,101526.48,HOLD
2025-11-07 03:44:00,101721.41,101490.00,101520.68,HOLD
2025-11-07 03:45:00,101688.33,101486.57,101514.96,HOLD
2025-11-07 03:46:00,101748.86,101485.46,101510.24,HOLD
2025-11-07 03:47:00,101661.23,101483.85,101505.05,HOLD
2025-11-07 03:48:00,101868.00,101487.49,101502.32,HOLD
2025-11-07 03:49:00,102131.88,101494.61,101500.30,HOLD
2025-11-07 03:50:00,102252.68,101503.58,101498.97,BUY
2025-11-07 03:51:00,102130.10,101512.35,101497.52,HOLD
2025-11-07 03:52:00,102178.31,101520.72,101497.09,HOLD
2025-11-07 03:53:00,102115.21,101529.02,101496.06,HOLD
2025-11-07 03:54:00,101986.72,101537.84,101494.20,HOLD
2025-11-07 03:55:00,102025.51,101548.24,101493.92,HOLD
2025-11-07 03:56:00,101830.16,101555.97,101491.53,HOLD
2025-11-07 03:57:00,101814.41,101564.47,101490.25,HOLD
2025-11-07 03:58:00,101771.98,101569.68,101489.09,HOLD
2025-11-07 03:59:00,101740.43,101575.37,101487.64,HOLD
2025-11-07 04:00:00,101646.82,101582.04,101486.16,HOLD
2025-11-07 04:01:00,101696.85,101588.88,101485.39,HOLD
2025-11-07 04:02:00,101748.88,101597.59,101484.68,HOLD
2025-11-07 04:03:00,101695.87,101604.35,101483.25,HOLD
2025-11-07 04:04:00,101598.71,101609.23,101480.61,HOLD
2025-11-07 04:05:00,101716.66,101616.40,101479.39,HOLD
2025-11-07 04:06:00,101815.52,101626.40,101479.01,HOLD
2025-11-07 04:07:00,101835.86,101640.45,101478.51,HOLD
2025-11-07 04:08:00,101744.00,101653.76,101478.02,HOLD
2025-11-07 04:09:00,101839.44,101671.39,101478.66,HOLD
2025-11-07 04:10:00,101845.54,101688.25,101479.39,HOLD
2025-11-07 04:11:00,101766.58,101701.72,101478.69,HOLD
2025-11-07 04:12:00,101824.54,101715.91,101478.54,HOLD
2025-11-07 04:13:00,101854.48,101728.92,101479.26,HOLD
2025-11-07 04:14:00,101912.50,101741.77,101479.36,HOLD
2025-11-07 04:15:00,101939.68,101754.59,101478.79,HOLD
2025-11-07 04:16:00,101962.68,101767.76,101478.23,HOLD
2025-11-07 04:17:00,101967.05,101776.62,101478.24,HOLD
2025-11-07 04:18:00,101829.57,101786.34,101477.38,HOLD
2025-11-07 04:19:00,101863.05,101795.12,101476.53,HOLD
2025-11-07 04:20:00,101806.62,101803.84,101475.16,HOLD
2025-11-07 04:21:00,101757.21,101809.19,101473.99,HOLD
2025-11-07 04:22:00,101847.04,101815.59,101473.07,HOLD
2025-11-07 04:23:00,101753.05,101818.33,101471.68,HOLD
2025-11-07 04:24:00,101802.30,101823.44,101470.06,HOLD
2025-11-07 04:25:00,101741.04,101826.42,101468.54,HOLD
2025-11-07 04:26:00,101676.59,101825.21,101465.61,HOLD
2025-11-07 04:27:00,101820.17,101826.27,101463.03,HOLD
2025-11-07 04:28:00,101808.60,101827.69,101461.36,HOLD
2025-11-07 04:29:00,101868.44,101830.87,101459.84,HOLD
2025-11-07 04:30:00,101792.39,101829.98,101457.97,HOLD
2025-11-07 04:31:00,101671.29,101830.16,101455.80,HOLD
2025-11-07 04:32:00,101730.52,101832.01,101454.73,HOLD
2025-11-07 04:33:00,101741.57,101831.73,101454.03,HOLD
2025-11-07 04:34:00,101685.38,101831.01,101453.11,HOLD
2025-11-07 04:35:00,101697.31,101831.19,101452.33,HOLD
2025-11-07 04:36:00,101698.14,101830.17,101451.61,HOLD
2025-11-07 04:37:00,101774.00,101832.43,101451.14,HOLD
2025-11-07 04:38:00,101862.93,101832.33,101451.84,HOLD
2025-11-07 04:39:00,101720.67,101824.10,101451.67,HOLD
2025-11-07 04:40:00,101407.56,101807.20,101450.41,HOLD
2025-11-07 04:41:00,101356.40,101791.72,101449.21,HOLD
2025-11-07 04:42:00,101308.60,101774.33,101447.54,HOLD
2025-11-07 04:43:00,101293.89,101757.90,101446.07,HOLD
2025-11-07 04:44:00,101412.33,101746.42,101445.19,HOLD
2025-11-07 04:45:00,101451.95,101734.95,101444.68,HOLD
2025-11-07 04:46:00,101433.54,101727.01,101443.47,HOLD
2025-11-07 04:47:00,101469.42,101720.11,101441.88,HOLD
2025-11-07 04:48:00,101435.34,101713.38,101440.23,HOLD
2025-11-07 04:49:00,101285.48,101704.28,101437.52,HOLD
2025-11-07 04:50:00,101289.88,101697.14,101434.94,HOLD
2025-11-07 04:51:00,101322.94,101689.66,101433.17,HOLD
2025-11-07 04:52:00,101288.76,101680.46,101431.27,HOLD
2025-11-07 04:53:00,101278.09,101672.11,101429.93,HOLD
2025-11-07 04:54:00,101339.66,101666.93,101428.90,HOLD
2025-11-07 04:55:00,101321.81,101659.03,101428.06,HOLD
2025-11-07 04:56:00,101326.49,101649.25,101427.47,HOLD
2025-11-07 04:57:00,101415.18,101640.83,101427.81,HOLD
2025-11-07 04:58:00,101531.50,101636.58,101428.67,HOLD
2025-11-07 04:59:00,101392.02,101627.64,101428.93,HOLD
2025-11-07 05:00:00,101463.88,101620.00,101430.36,HOLD
2025-11-07 05:01:00,101461.08,101613.89,101432.95,HOLD
2025-11-07 05:02:00,101480.01,101607.00,101436.65,HOLD
2025-11-07 05:03:00,101466.25,101599.24,101441.36,HOLD
2025-11-07 05:04:00,101501.15,101591.01,101446.91,HOLD
2025-11-07 05:05:00,101600.07,101584.22,101451.97,HOLD
2025-11-07 05:06:00,101483.56,101574.64,101456.58,HOLD
2025-11-07 05:07:00,101452.86,101564.35,101460.15,HOLD
2025-11-07 05:08:00,101527.48,101558.31,101464.62,HOLD
2025-11-07 05:09:00,101393.44,101548.92,101468.33,HOLD
2025-11-07 05:10:00,101456.09,101541.91,101472.99,HOLD
2025-11-07 05:11:00,101444.77,101535.66,101478.06,HOLD
2025-11-07 05:12:00,101562.98,101529.98,101482.90,HOLD
2025-11-07 05:13:00,101393.44,101522.78,101485.22,HOLD
2025-11-07 05:14:00,101285.63,101512.45,101486.58,HOLD
2025-11-07 05:15:00,101334.58,101504.32,101487.54,HOLD
2025-11-07 05:16:00,101211.29,101495.02,101489.20,HOLD
2025-11-07 05:17:00,101128.94,101481.19,101491.19,SELL
2025-11-07 05:18:00,101122.90,101467.48,101492.67,HOLD
2025-11-07 05:19:00,101199.26,101454.09,101494.65,HOLD
2025-11-07 05:20:00,101192.76,101442.10,101496.27,HOLD
2025-11-07 05:21:00,101216.41,101433.00,101497.49,HOLD
2025-11-07 05:22:00,101274.77,101423.89,101498.94,HOLD
2025-11-07 05:23:00,101354.78,101416.15,101500.63,HOLD
2025-11-07 05:24:00,101320.01,101408.85,101502.80,HOLD
2025-11-07 05:25:00,101328.67,101401.47,101504.04,HOLD
2025-11-07 05:26:00,101423.76,101395.99,101505.99,HOLD
2025-11-07 05:27:00,101277.40,101386.05,101507.01,HOLD
2025-11-07 05:28:00,101236.00,101373.51,101508.48,HOLD
2025-11-07 05:29:00,101068.95,101360.48,101509.71,HOLD
2025-11-07 05:30:00,101114.53,101354.62,101509.79,HOLD
2025-11-07 05:31:00,100949.04,101346.47,101508.04,HOLD
2025-11-07 05:32:00,100924.44,101338.79,101505.47,HOLD
2025-11-07 05:33:00,100972.46,101332.36,101504.35,HOLD
2025-11-07 05:34:00,101077.27,101325.66,101504.14,HOLD
2025-11-07 05:35:00,101061.89,101317.86,101504.78,HOLD
2025-11-07 05:36:00,100980.18,101308.79,101504.65,HOLD
2025-11-07 05:37:00,101117.57,101301.75,101504.72,HOLD
2025-11-07 05:38:00,101113.57,101295.32,101505.22,HOLD
2025-11-07 05:39:00,100932.01,101288.25,101504.61,HOLD
2025-11-07 05:40:00,100845.26,101279.36,101503.52,HOLD
2025-11-07 05:41:00,100884.35,101270.59,101502.87,HOLD
2025-11-07 05:42:00,100836.49,101261.54,101502.56,HOLD
2025-11-07 05:43:00,100755.95,101251.10,101501.25,HOLD
2025-11-07 05:44:00,100717.04,101238.64,101499.52,HOLD
2025-11-07 05:45:00,100804.01,101228.29,101497.94,HOLD
2025-11-07 05:46:00,100688.70,101215.53,101495.49,HOLD
2025-11-07 05:47:00,100821.33,101203.66,101493.91,HOLD
2025-11-07 05:48:00,100843.09,101189.89,101492.01,HOLD
2025-11-07 05:49:00,100888.28,101179.81,101489.52,HOLD
2025-11-07 05:50:00,100901.38,101168.56,101486.83,HOLD
2025-11-07 05:51:00,100848.74,101156.32,101484.68,HOLD
2025-11-07 05:52:00,100912.29,101144.96,101483.04,HOLD
2025-11-07 05:53:00,100938.87,101134.41,101480.91,HOLD
2025-11-07 05:54:00,100903.81,101122.47,101478.08,HOLD
2025-11-07 05:55:00,101000.06,101110.47,101476.29,HOLD
2025-11-07 05:56:00,101076.69,101102.33,101474.33,HOLD
2025-11-07 05:57:00,100991.52,101093.10,101471.73,HOLD
2025-11-07 05:58:00,100970.94,101081.97,101469.32,HOLD
2025-11-07 05:59:00,100918.51,101072.47,101467.10,HOLD
2025-11-07 06:00:00,100952.37,101062.40,101465.43,HOLD
2025-11-07 06:01:00,101001.50,101053.53,101464.08,HOLD
2025-11-07 06:02:00,100981.01,101041.89,101462.85,HOLD
2025-11-07 06:03:00,100821.33,101030.45,101460.63,HOLD
2025-11-07 06:04:00,100737.01,101019.48,101457.35,HOLD
2025-11-07 06:05:00,100646.79,101005.72,101453.86,HOLD
2025-11-07 06:06:00,100765.35,100996.80,101450.84,HOLD
2025-11-07 06:07:00,100843.51,100991.10,101448.04,HOLD
2025-11-07 06:08:00,100825.55,100985.15,101444.30,HOLD
2025-11-07 06:09:00,100814.47,100977.45,101439.67,HOLD
2025-11-07 06:10:00,100792.70,100969.45,101435.49,HOLD
2025-11-07 06:11:00,100846.68,100962.06,101430.39,HOLD
2025-11-07 06:12:00,100777.24,100952.11,101424.84,HOLD
2025-11-07 06:13:00,100712.39,100939.26,101419.32,HOLD
2025-11-07 06:14:00,100589.70,100924.65,101413.63,HOLD
2025-11-07 06:15:00,100600.00,100910.08,101407.33,HOLD
2025-11-07 06:16:00,100633.51,100894.27,101401.47,HOLD
2025-11-07 06:17:00,100705.62,100882.84,101396.29,HOLD
2025-11-07 06:18:00,100622.82,100870.58,101390.98,HOLD
2025-11-07 06:19:00,100674.66,100862.69,101385.47,HOLD
2025-11-07 06:20:00,100645.18,100853.30,101379.68,HOLD
2025-11-07 06:21:00,100600.01,100846.32,101374.22,HOLD
2025-11-07 06:22:00,100622.71,100840.29,101368.53,HOLD
2025-11-07 06:23:00,100634.44,100833.53,101363.20,HOLD
2025-11-07 06:24:00,100688.00,100825.74,101358.91,HOLD
2025-11-07 06:25:00,100618.42,100816.87,101354.48,HOLD
2025-11-07 06:27:00,100630.32,100809.87,101350.41,HOLD
2025-11-07 06:28:00,100827.21,100804.07,101347.60,HOLD
2025-11-07 06:29:00,100846.49,100798.73,101344.28,HOLD
2025-11-07 06:30:00,100873.32,100797.55,101341.36,HOLD
2025-11-07 06:31:00,100841.26,100797.47,101339.00,HOLD
2025-11-07 06:32:00,100877.34,100797.33,101336.62,HOLD
2025-11-07 06:33:00,100878.31,100798.17,101334.44,HOLD
2025-11-07 06:34:00,100902.35,100801.10,101332.16,HOLD
2025-11-07 06:35:00,100917.22,100805.10,101329.97,HOLD
2025-11-07 06:36:00,100868.16,100806.38,101327.53,HOLD
2025-11-07 06:37:00,100946.57,100811.54,101325.68,HOLD
2025-11-07 06:38:00,100949.99,100814.11,101324.76,HOLD
2025-11-07 06:39:00,100939.45,100816.04,101324.07,HOLD
2025-11-07 06:40:00,100907.93,100816.43,101323.82,HOLD
2025-11-07 06:41:00,100924.55,100816.90,101323.43,HOLD
2025-11-07 06:42:00,101000.00,100819.92,101322.96,HOLD
2025-11-07 06:43:00,101116.10,100824.00,101322.97,HOLD
2025-11-07 06:44:00,101125.69,100827.74,101322.58,HOLD
2025-11-07 06:45:00,101009.71,100829.85,101321.27,HOLD
2025-11-07 06:46:00,100954.00,100828.93,101319.55,HOLD
2025-11-07 06:47:00,100992.24,100827.24,101317.99,HOLD
2025-11-07 06:48:00,100941.08,100826.23,101315.08,HOLD
2025-11-07 06:49:00,100874.98,100824.32,101312.73,HOLD
2025-11-07 06:50:00,100814.00,100822.22,101309.68,HOLD
2025-11-07 06:51:00,100933.01,100821.84,101307.50,HOLD
2025-11-07 06:52:00,101110.53,100824.02,101305.60,HOLD
2025-11-07 06:53:00,101143.68,100827.27,101303.68,HOLD
2025-11-07 06:54:00,101212.07,100835.09,101301.66,HOLD
2025-11-07 06:55:00,101212.09,100844.59,101299.99,HOLD
2025-11-07 06:56:00,101191.00,100855.47,101297.98,HOLD
2025-11-07 06:57:00,101107.75,100862.32,101294.84,HOLD
2025-11-07 06:58:00,101088.00,100867.21,101291.44,HOLD
2025-11-07 06:59:00,101154.00,100873.78,101288.52,HOLD
2025-11-07 07:00:00,101084.68,100879.18,101285.40,HOLD
2025-11-07 07:01:00,101106.20,100885.45,101281.75,HOLD
2025-11-07 07:02:00,101120.00,100890.92,101279.04,HOLD
2025-11-07 07:03:00,101203.08,100899.44,101276.86,HOLD
2025-11-07 07:04:00,101248.54,100910.16,101274.32,HOLD
2025-11-07 07:05:00,101335.61,100925.08,101272.40,HOLD
2025-11-07 07:06:00,101335.01,100939.78,101270.63,HOLD
2025-11-07 07:07:00,101310.79,100953.32,101268.44,HOLD
2025-11-07 07:08:00,101263.25,100964.48,101266.45,HOLD
2025-11-07 07:09:00,101283.57,100977.69,101263.53,HOLD
2025-11-07 07:10:00,101220.90,100988.62,101258.97,HOLD
2025-11-07 07:11:00,101214.00,100999.99,101253.78,HOLD
2025-11-07 07:12:00,101142.34,101010.84,101248.84,HOLD
2025-11-07 07:13:00,101115.35,101020.69,101243.52,HOLD
2025-11-07 07:14:00,101055.79,101029.12,101238.23,HOLD
2025-11-07 07:15:00,101030.48,101035.97,101233.45,HOLD
2025-11-07 07:16:00,101133.90,101046.28,101228.99,HOLD
2025-11-07 07:17:00,101130.85,101056.29,101225.49,HOLD
2025-11-07 07:18:00,101165.06,101063.05,101222.24,HOLD
2025-11-07 07:19:00,101149.46,101069.10,101219.13,HOLD
2025-11-07 07:20:00,101175.67,101075.15,101216.31,HOLD
2025-11-07 07:21:00,101274.76,101083.82,101214.45,HOLD
2025-11-07 07:22:00,101292.55,101092.13,101212.43,HOLD
2025-11-07 07:23:00,101285.86,101100.28,101210.11,HOLD
2025-11-07 07:24:00,101295.41,101108.14,101208.11,HOLD
2025-11-07 07:25:00,101244.81,101114.69,101206.34,HOLD
2025-11-07 07:26:00,101294.98,101123.23,101204.23,HOLD
2025-11-07 07:27:00,101066.12,101125.62,101200.48,HOLD
2025-11-07 07:28:00,101148.76,101129.59,101197.05,HOLD
2025-11-07 07:29:00,101148.63,101133.78,101194.07,HOLD
2025-11-07 07:30:00,101096.00,101137.54,101190.35,HOLD
2025-11-07 07:31:00,101198.00,101143.01,101187.12,HOLD
2025-11-07 07:32:00,101250.38,101148.01,101184.54,HOLD
2025-11-07 07:33:00,101289.07,101151.47,101181.86,HOLD
2025-11-07 07:34:00,101238.28,101153.73,101178.78,HOLD
2025-11-07 07:35:00,101227.27,101158.08,101175.35,HOLD
2025-11-07 07:36:00,101125.99,101161.52,101171.28,HOLD
2025-11-07 07:37:00,101106.23,101163.80,101167.00,HOLD
2025-11-07 07:38:00,101080.25,101166.58,101162.57,BUY
2025-11-07 07:39:00,101131.89,101171.72,101159.08,HOLD
2025-11-07 07:40:00,101101.37,101177.47,101155.27,HOLD
2025-11-07 07:41:00,101173.38,101182.27,101152.10,HOLD
2025-11-07 07:42:00,101128.44,101182.63,101148.96,HOLD
2025-11-07 07:43:00,101172.99,101183.22,101145.59,HOLD
2025-11-07 07:44:00,101195.78,101182.89,101142.80,HOLD
2025-11-07 07:45:00,101205.40,101182.76,101139.82,HOLD
2025-11-07 07:46:00,101215.35,101183.24,101137.19,HOLD
2025-11-07 07:47:00,101128.51,101183.66,101134.45,HOLD
2025-11-07 07:48:00,101135.46,101184.61,101131.03,HOLD
2025-11-07 07:49:00,101257.33,101186.68,101128.27,HOLD
2025-11-07 07:50:00,101302.00,101191.02,101125.44,HOLD
2025-11-07 07:51:00,101283.74,101194.57,101122.89,HOLD
2025-11-07 07:52:00,101320.00,101198.57,101121.14,HOLD
2025-11-07 07:53:00,101312.63,101200.76,101119.05,HOLD
2025-11-07 07:54:00,101361.29,101203.02,101117.15,HOLD
2025-11-07 07:55:00,101378.28,101203.87,101115.61,HOLD
2025-11-07 07:56:00,101372.86,101204.63,101113.99,HOLD
2025-11-07 07:57:00,101385.98,101206.13,101112.43,HOLD
2025-11-07 07:58:00,101407.68,101209.02,101110.60,HOLD
2025-11-07 07:59:00,101475.42,101212.86,101108.66,HOLD
2025-11-07 08:00:00,101316.01,101214.76,101106.64,HOLD
2025-11-07 08:01:00,101248.21,101215.45,101105.84,HOLD
2025-11-07 08:02:00,101278.21,101218.16,101105.45,HOLD
2025-11-07 08:03:00,101290.23,101221.66,101105.36,HOLD
2025-11-07 08:04:00,101256.40,101225.67,101105.17,HOLD
2025-11-07 08:05:00,101223.60,101229.53,101104.23,HOLD
2025-11-07 08:06:00,101288.26,101232.62,101103.41,HOLD
2025-11-07 08:07:00,101330.43,101236.61,101102.89,HOLD
2025-11-07 08:08:00,101280.15,101238.92,101101.95,HOLD
2025-11-07 08:09:00,101250.00,101240.93,101101.02,HOLD
2025-11-07 08:10:00,101271.65,101242.85,101100.95,HOLD
2025-11-07 08:11:00,101369.01,101244.73,101101.35,HOLD
2025-11-07 08:12:00,101416.88,101247.22,101101.82,HOLD
2025-11-07 08:13:00,101469.03,101250.88,101102.72,HOLD
2025-11-07 08:14:00,101447.44,101253.92,101103.56,HOLD
2025-11-07 08:15:00,101321.13,101255.45,101103.47,HOLD
2025-11-07 08:16:00,101394.54,101257.44,101103.83,HOLD
2025-11-07 08:17:00,101297.10,101262.06,101103.69,HOLD
2025-11-07 08:18:00,101267.35,101264.43,101102.95,HOLD
2025-11-07 08:19:00,101278.50,101267.03,101101.68,HOLD
2025-11-07 08:20:00,101275.02,101270.61,101101.10,HOLD
2025-11-07 08:21:00,101170.72,101270.06,101099.63,HOLD
2025-11-07 08:22:00,101320.19,101271.46,101098.93,HOLD
2025-11-07 08:23:00,101364.96,101272.98,101098.35,HOLD
2025-11-07 08:24:00,101409.47,101276.40,101098.07,HOLD
2025-11-07 08:25:00,101491.07,101281.68,101098.02,HOLD
2025-11-07 08:26:00,101400.00,101287.16,101097.02,HOLD
2025-11-07 08:27:00,101341.38,101291.86,101096.31,HOLD
2025-11-07 08:28:00,101285.41,101295.96,101095.47,HOLD
2025-11-07 08:29:00,101359.00,101300.50,101094.63,HOLD
2025-11-07 08:30:00,101321.00,101304.90,101094.27,HOLD
2025-11-07 08:31:00,101254.14,101306.51,101093.26,HOLD
2025-11-07 08:32:00,101179.63,101307.54,101091.93,HOLD
2025-11-07 08:33:00,101283.36,101309.74,101090.53,HOLD
2025-11-07 08:34:00,101296.38,101311.76,101090.05,HOLD
2025-11-07 08:35:00,101266.11,101312.97,101089.95,HOLD
2025-11-07 08:36:00,101218.48,101313.03,101089.37,HOLD
2025-11-07 08:37:00,101332.77,101317.12,101089.98,HOLD
2025-11-07 08:38:00,101224.81,101318.90,101090.46,HOLD
2025-11-07 08:39:00,101161.91,101317.00,101090.65,HOLD
2025-11-07 08:40:00,101219.55,101315.35,101090.75,HOLD
2025-11-07 08:41:00,101203.86,101313.75,101090.81,HOLD
2025-11-07 08:42:00,101227.82,101311.91,101090.86,HOLD
2025-11-07 08:43:00,101193.68,101309.53,101090.46,HOLD
2025-11-07 08:44:00,101245.31,101307.21,101089.91,HOLD
2025-11-07 08:45:00,101326.49,101306.17,101089.94,HOLD
2025-11-07 08:46:00,101303.35,101304.78,101089.82,HOLD
2025-11-07 08:47:00,101280.31,101302.67,101089.10,HOLD
2025-11-07 08:48:00,101300.00,101300.51,101089.21,HOLD
2025-11-07 08:49:00,101298.91,101296.98,101089.53,HOLD
2025-11-07 08:50:00,101304.38,101296.75,101090.70,HOLD
2025-11-07 08:51:00,101301.11,101297.81,101091.64,HOLD
2025-11-07 08:52:00,101312.03,101298.49,101093.45,HOLD
2025-11-07 08:53:00,101320.37,101299.09,101095.43,HOLD
2025-11-07 08:54:00,101383.19,101301.62,101097.49,HOLD
2025-11-07 08:55:00,101353.38,101304.22,101098.87,HOLD
2025-11-07 08:56:00,101316.60,101304.79,101100.14,HOLD
2025-11-07 08:57:00,101366.36,101305.51,101102.07,HOLD
2025-11-07 08:58:00,101319.22,101306.29,101103.08,HOLD
2025-11-07 08:59:00,101330.27,101307.89,101104.16,HOLD
2025-11-07 09:00:00,101309.68,101308.65,101106.05,HOLD
2025-11-07 09:01:00,101378.54,101308.84,101108.72,HOLD
2025-11-07 09:02:00,101491.43,101310.33,101111.75,HOLD
2025-11-07 09:03:00,101533.43,101311.62,101115.24,HOLD
2025-11-07 09:04:00,101490.48,101312.48,101118.91,HOLD
2025-11-07 09:05:00,101603.56,101318.13,101123.34,HOLD
2025-11-07 09:06:00,101582.12,101321.88,101127.23,HOLD
2025-11-07 09:07:00,101612.90,101328.20,101131.85,HOLD
2025-11-07 09:08:00,101550.50,101333.86,101135.50,HOLD
2025-11-07 09:09:00,101547.19,101339.24,101139.02,HOLD
2025-11-07 09:10:00,101481.25,101343.36,101141.99,HOLD
2025-11-07 09:11:00,101496.46,101349.88,101144.96,HOLD
2025-11-07 09:12:00,101311.58,101349.70,101147.27,HOLD
2025-11-07 09:13:00,101281.10,101348.03,101149.12,HOLD
2025-11-07 09:14:00,101347.55,101346.79,101151.16,HOLD
2025-11-07 09:15:00,101407.82,101345.12,101153.68,HOLD
2025-11-07 09:16:00,101441.81,101345.96,101155.89,HOLD
2025-11-07 09:17:00,101250.01,101344.13,101156.76,HOLD
2025-11-07 09:18:00,101104.14,101340.51,101157.32,HOLD
2025-11-07 09:19:00,101057.90,101334.48,101157.76,HOLD
2025-11-07 09:20:00,101060.67,101329.28,101158.47,HOLD
2025-11-07 09:21:00,101061.66,101325.43,101159.01,HOLD
2025-11-07 09:22:00,101056.87,101322.97,101159.29,HOLD
2025-11-07 09:23:00,101081.73,101318.94,101159.79,HOLD
2025-11-07 09:24:00,101024.24,101313.50,101160.81,HOLD
2025-11-07 09:25:00,100920.95,101306.59,101161.73,HOLD
2025-11-07 09:26:00,100890.01,101300.03,101162.94,HOLD
2025-11-07 09:27:00,100852.93,101290.43,101163.38,HOLD
2025-11-07 09:28:00,100788.40,101281.70,101163.11,HOLD
2025-11-07 09:29:00,100929.61,101277.05,101163.63,HOLD
2025-11-07 09:30:00,100867.33,101270.01,101163.89,HOLD
2025-11-07 09:31:00,100800.78,101261.95,101163.93,HOLD
2025-11-07 09:32:00,100935.90,101256.11,101164.38,HOLD
2025-11-07 09:33:00,101067.51,101253.59,101165.83,HOLD
2025-11-07 09:34:00,101250.00,101253.68,101168.52,HOLD
2025-11-07 09:35:00,101338.99,101253.93,101172.26,HOLD
2025-11-07 09:36:00,101362.11,101255.11,101176.07,HOLD
2025-11-07 09:37:00,101351.69,101256.53,101179.66,HOLD
2025-11-07 09:38:00,101232.93,101255.19,101182.30,HOLD
2025-11-07 09:39:00,101288.36,101254.98,101185.63,HOLD
2025-11-07 09:41:00,101290.20,101254.70,101188.71,HOLD
2025-11-07 09:42:00,101303.90,101254.75,101192.00,HOLD
2025-11-07 09:43:00,101311.83,101254.75,101195.56,HOLD
2025-11-07 09:44:00,101319.48,101254.73,101199.04,HOLD
2025-11-07 09:45:00,101378.29,101254.63,101202.76,HOLD
2025-11-07 09:46:00,101328.60,101254.14,101205.97,HOLD
2025-11-07 09:47:00,101358.19,101254.97,101209.66,HOLD
2025-11-07 09:48:00,101339.01,101254.42,101213.21,HOLD
2025-11-07 09:49:00,101531.72,101258.67,101216.73,HOLD
2025-11-07 09:50:00,101515.29,101262.37,101220.07,HOLD
2025-11-07 09:51:00,101614.94,101268.48,101223.78,HOLD
2025-11-07 09:52:00,101555.46,101272.02,101227.35,HOLD
2025-11-07 09:53:00,101557.39,101273.34,101230.75,HOLD
2025-11-07 09:54:00,101500.01,101272.67,101233.86,HOLD
2025-11-07 09:55:00,101514.21,101273.14,101236.92,HOLD
2025-11-07 09:56:00,101435.77,101269.79,101239.51,HOLD
2025-11-07 09:57:00,101355.78,101265.26,101241.95,HOLD
2025-11-07 09:58:00,101432.09,101261.64,101244.38,HOLD
2025-11-07 09:59:00,101572.44,101262.08,101247.49,HOLD
2025-11-07 10:00:00,101480.66,101260.75,101250.20,HOLD
2025-11-07 10:01:00,101432.09,101259.77,101252.82,HOLD
2025-11-07 10:02:00,101537.67,101260.59,101255.88,HOLD
2025-11-07 10:03:00,101549.30,101265.35,101258.63,HOLD
2025-11-07 10:04:00,101464.03,101269.01,101260.37,HOLD
2025-11-07 10:05:00,101539.95,101272.85,101262.44,HOLD
2025-11-07 10:06:00,101398.67,101272.67,101264.39,HOLD
2025-11-07 10:07:00,101281.45,101269.46,101266.02,HOLD
2025-11-07 10:08:00,101247.58,101269.41,101267.30,HOLD
2025-11-07 10:09:00,101290.49,101273.14,101269.05,HOLD
2025-11-07 10:10:00,101101.34,101274.01,101270.18,HOLD
2025-11-07 10:11:00,101217.31,101277.14,101272.20,HOLD
2025-11-07 10:12:00,101131.31,101278.54,101273.19,HOLD
2025-11-07 10:13:00,101227.14,101281.94,101273.77,HOLD
2025-11-07 10:14:00,101349.70,101287.30,101274.80,HOLD
2025-11-07 10:15:00,101281.24,101292.44,101275.15,HOLD
2025-11-07 10:16:00,101325.04,101300.52,101275.71,HOLD
2025-11-07 10:17:00,101318.59,101309.09,101276.35,HOLD
2025-11-07 10:18:00,101453.03,101321.10,101278.08,HOLD
2025-11-07 10:19:00,101587.92,101337.09,101280.58,HOLD
2025-11-07 10:20:00,101566.05,101349.82,101282.64,HOLD
2025-11-07 10:21:00,101506.48,101362.60,101284.74,HOLD
2025-11-07 10:22:00,101465.50,101375.89,101286.54,HOLD
2025-11-07 10:23:00,101580.00,101388.77,101288.84,HOLD
2025-11-07 10:24:00,101789.29,101403.21,101291.77,HOLD
2025-11-07 10:25:00,101824.70,101414.70,101294.65,HOLD
2025-11-07 10:26:00,101817.83,101424.28,101297.06,HOLD
2025-11-07 10:27:00,101740.96,101431.86,101299.09,HOLD
2025-11-07 10:28:00,101770.33,101440.23,101301.39,HOLD
2025-11-07 10:29:00,101755.99,101450.69,101303.85,HOLD
2025-11-07 10:30:00,101632.95,101457.58,101305.60,HOLD
2025-11-07 10:31:00,101592.64,101463.63,101307.46,HOLD
2025-11-07 10:32:00,101593.04,101469.42,101309.36,HOLD
2025-11-07 10:33:00,101473.55,101472.65,101311.01,HOLD
2025-11-07 10:34:00,101296.89,101472.20,101311.92,HOLD
2025-11-07 10:35:00,101023.63,101465.10,101311.76,HOLD
2025-11-07 10:36:00,101093.14,101460.40,101312.07,HOLD
2025-11-07 10:37:00,101052.77,101454.29,101311.67,HOLD
2025-11-07 10:38:00,101089.13,101449.29,101311.46,HOLD
2025-11-07 10:39:00,101200.36,101442.66,101311.63,HOLD
2025-11-07 10:40:00,101184.46,101436.05,101311.81,HOLD
2025-11-07 10:41:00,101127.34,101426.29,101311.57,HOLD
2025-11-07 10:42:00,101148.85,101418.16,101310.94,HOLD
2025-11-07 10:43:00,101113.51,101409.28,101310.04,HOLD
2025-11-07 10:44:00,101156.82,101402.42,101309.40,HOLD
2025-11-07 10:45:00,101030.48,101392.75,101308.07,HOLD
2025-11-07 10:46:00,101125.68,101386.54,101307.48,HOLD
2025-11-07 10:47:00,101042.00,101380.27,101306.21,HOLD
2025-11-07 10:48:00,101032.24,101372.27,101306.04,HOLD
2025-11-07 10:49:00,100988.65,101360.60,101305.24,HOLD
2025-11-07 10:50:00,101102.87,101353.04,101305.01,HOLD
2025-11-07 10:51:00,101140.00,101347.20,101305.23,HOLD
2025-11-07 10:52:00,101193.12,101340.31,101305.21,HOLD
2025-11-07 10:53:00,101118.56,101331.69,101304.55,HOLD
2025-11-07 10:54:00,101100.01,101324.41,101303.60,HOLD
2025-11-07 10:55:00,101273.16,101319.08,101303.78,HOLD
2025-11-07 10:56:00,101188.58,101314.87,101303.59,HOLD
2025-11-07 10:57:00,101289.52,101315.04,101304.40,HOLD
2025-11-07 10:58:00,101461.51,101319.31,101306.18,HOLD
