timestamp,datetime,price
1760798369.264964,2025-10-18 14:39:29,107024.0
1760798429.5754225,2025-10-18 14:40:29,107009.39
1760798489.8878715,2025-10-18 14:41:29,106999.93
1760798550.1967757,2025-10-18 14:42:30,106992.79
1760798610.5091395,2025-10-18 14:43:30,107000.88
1760798670.820178,2025-10-18 14:44:30,106976.53
1760798731.1268651,2025-10-18 14:45:31,106975.72
1760798791.4350915,2025-10-18 14:46:31,106969.09
1760798851.7488422,2025-10-18 14:47:31,106967.37
1760798912.053769,2025-10-18 14:48:32,107019.77
1760798972.3599813,2025-10-18 14:49:32,107038.95
1760799032.6639605,2025-10-18 14:50:32,107029.13
1760799092.9633791,2025-10-18 14:51:32,107031.45
1760799153.270919,2025-10-18 14:52:33,107005.23
1760799213.5790892,2025-10-18 14:53:33,107013.4
1760799273.8833609,2025-10-18 14:54:33,106974.79
1760799334.1944933,2025-10-18 14:55:34,106913.99
1760799394.5065773,2025-10-18 14:56:34,106954.25
1760799454.814104,2025-10-18 14:57:34,106974.42
1760799515.121804,2025-10-18 14:58:35,107031.99
1760799575.431498,2025-10-18 14:59:35,107032.0
1760799635.736581,2025-10-18 15:00:35,107029.64
1760799696.0479398,2025-10-18 15:01:36,107088.0
1760799756.3536289,2025-10-18 15:02:36,107065.3
1760799816.6554368,2025-10-18 15:03:36,107129.97
1760799876.9659448,2025-10-18 15:04:36,107119.03
1760799937.2757094,2025-10-18 15:05:37,107107.44
1760799997.5778534,2025-10-18 15:06:37,107129.44
1760800057.8843017,2025-10-18 15:07:37,107130.01
1760800118.194049,2025-10-18 15:08:38,107076.97
1760800178.502993,2025-10-18 15:09:38,107060.24
1760800238.8152707,2025-10-18 15:10:38,107077.64
1760800299.2173061,2025-10-18 15:11:39,107052.34
1760800359.5124989,2025-10-18 15:12:39,107104.21
1760800419.8168993,2025-10-18 15:13:39,107052.66
1760800480.122329,2025-10-18 15:14:40,107067.23
1760800540.42762,2025-10-18 15:15:40,107060.8
1760800600.715453,2025-10-18 15:16:40,107064.13
1760800661.0183504,2025-10-18 15:17:41,107080.0
1760800721.3284557,2025-10-18 15:18:41,107090.19
1760800781.6367128,2025-10-18 15:19:41,107119.99
1760800841.9454331,2025-10-18 15:20:41,107021.92
1760800902.2516835,2025-10-18 15:21:42,107036.24
1760800962.5581412,2025-10-18 15:22:42,107040.1
1760801022.8672805,2025-10-18 15:23:42,107041.56
1760801083.179705,2025-10-18 15:24:43,107036.71
1760801143.4838755,2025-10-18 15:25:43,107064.16
1760801203.7916236,2025-10-18 15:26:43,107018.93
1760801264.096493,2025-10-18 15:27:44,106983.63
1760801324.4021425,2025-10-18 15:28:44,107002.99
1760801384.7127333,2025-10-18 15:29:44,106983.17
1760801445.018483,2025-10-18 15:30:45,106903.3
1760801505.3238049,2025-10-18 15:31:45,106888.62
1760801565.635747,2025-10-18 15:32:45,106873.0
1760801625.9442353,2025-10-18 15:33:45,106872.16
1760801686.2474413,2025-10-18 15:34:46,106903.82
1760801746.5522692,2025-10-18 15:35:46,106900.02
1760801806.8586895,2025-10-18 15:36:46,106899.74
1760801867.1669376,2025-10-18 15:37:47,106861.44
1760801927.4769506,2025-10-18 15:38:47,106828.67
1760801987.782278,2025-10-18 15:39:47,106879.99
1760802048.089057,2025-10-18 15:40:48,106882.33
1760802108.3957798,2025-10-18 15:41:48,106867.22
1760802168.7052207,2025-10-18 15:42:48,106860.0
1760802229.0089092,2025-10-18 15:43:49,106850.24
1760802289.3138661,2025-10-18 15:44:49,106880.67
1760802349.619692,2025-10-18 15:45:49,106939.98
1760802409.9255834,2025-10-18 15:46:49,106917.64
1760802470.2311232,2025-10-18 15:47:50,106953.9
1760802530.5425136,2025-10-18 15:48:50,106943.96
1760802590.8472588,2025-10-18 15:49:50,106920.01
1760802651.1550047,2025-10-18 15:50:51,106930.44
1760802711.472874,2025-10-18 15:51:51,106943.95
1760802771.7817166,2025-10-18 15:52:51,106967.24
1760802832.0871189,2025-10-18 15:53:52,106952.38
1760802892.3925133,2025-10-18 15:54:52,106959.68
1760802952.6997619,2025-10-18 15:55:52,106973.39
1760803013.00947,2025-10-18 15:56:53,106962.69
1760803073.319002,2025-10-18 15:57:53,106959.7
1760803133.623829,2025-10-18 15:58:53,106952.36
1760803193.9273841,2025-10-18 15:59:53,106948.75
1760803254.24127,2025-10-18 16:00:54,106959.06
1760803314.5507402,2025-10-18 16:01:54,106975.0
1760803374.85654,2025-10-18 16:02:54,106998.93
1760803435.162154,2025-10-18 16:03:55,107063.89
1760803495.4688957,2025-10-18 16:04:55,107008.01
1760803555.7790759,2025-10-18 16:05:55,106973.25
1760803616.0864916,2025-10-18 16:06:56,106959.68
1760803676.3911347,2025-10-18 16:07:56,106920.01
1760803736.6975193,2025-10-18 16:08:56,106918.46
1760803797.006282,2025-10-18 16:09:57,106944.19
1760803857.3144343,2025-10-18 16:10:57,106941.07
1760803917.6171644,2025-10-18 16:11:57,106920.02
1760803977.9240808,2025-10-18 16:12:57,106903.58
1760804038.2306557,2025-10-18 16:13:58,106896.09
1760804098.5399055,2025-10-18 16:14:58,106930.1
1760804158.8469648,2025-10-18 16:15:58,106912.44
1760804219.1549165,2025-10-18 16:16:59,106933.83
1760804279.4670084,2025-10-18 16:17:59,106893.85
1760804339.777939,2025-10-18 16:18:59,106865.06
1760804400.053548,2025-10-18 16:20:00,106817.03
1760804460.3601387,2025-10-18 16:21:00,106877.07
1760804520.6692853,2025-10-18 16:22:00,106877.41
1760804580.9775074,2025-10-18 16:23:00,106834.96
1760804641.2842467,2025-10-18 16:24:01,106783.77
1760804701.588692,2025-10-18 16:25:01,106767.95
1760804761.9001586,2025-10-18 16:26:01,106851.83
1760804822.2090065,2025-10-18 16:27:02,106850.52
1760804882.5141115,2025-10-18 16:28:02,106815.94
1760804942.8208,2025-10-18 16:29:02,106820.1
1760805003.1268733,2025-10-18 16:30:03,106815.68
1760805063.4351864,2025-10-18 16:31:03,106754.01
1760805123.7402945,2025-10-18 16:32:03,106696.86
1760805184.0515592,2025-10-18 16:33:04,106654.71
1760805244.3605552,2025-10-18 16:34:04,106588.01
1760805304.6666353,2025-10-18 16:35:04,106553.7
1760805364.962358,2025-10-18 16:36:04,106620.13
1760805425.268281,2025-10-18 16:37:05,106638.02
1760805485.5756755,2025-10-18 16:38:05,106646.94
1760805545.8812299,2025-10-18 16:39:05,106566.36
1760805606.188139,2025-10-18 16:40:06,106528.29
1760805666.4952226,2025-10-18 16:41:06,106503.71
1760805726.7991834,2025-10-18 16:42:06,106552.67
1760805787.108654,2025-10-18 16:43:07,106525.67
1760805847.4134843,2025-10-18 16:44:07,106553.52
1760805907.716995,2025-10-18 16:45:07,106578.86
1760805968.0476816,2025-10-18 16:46:08,106626.03
1760806028.3578606,2025-10-18 16:47:08,106636.13
1760806088.6652162,2025-10-18 16:48:08,106669.81
1760806148.9755778,2025-10-18 16:49:08,106628.02
1760806209.2834377,2025-10-18 16:50:09,106651.61
1760806269.5785346,2025-10-18 16:51:09,106673.65
1760806329.8845713,2025-10-18 16:52:09,106680.48
1760806390.1936655,2025-10-18 16:53:10,106695.99
1760806450.5010083,2025-10-18 16:54:10,106689.26
1760806511.2441168,2025-10-18 16:55:11,106673.94
1760806571.5541732,2025-10-18 16:56:11,106671.0
1760806631.8655822,2025-10-18 16:57:11,106709.27
1760806692.1772277,2025-10-18 16:58:12,106686.27
1760806752.4850266,2025-10-18 16:59:12,106664.01
1760806812.7965682,2025-10-18 17:00:12,106664.01
1760806873.1104639,2025-10-18 17:01:13,106633.81
1760806933.4142814,2025-10-18 17:02:13,106598.01
1760806993.725091,2025-10-18 17:03:13,106605.93
1760807054.0306344,2025-10-18 17:04:14,106622.68
1760807114.334109,2025-10-18 17:05:14,106642.88
1760807174.6418936,2025-10-18 17:06:14,106621.09
1760807234.9486196,2025-10-18 17:07:14,106669.58
1760807295.2521665,2025-10-18 17:08:15,106676.93
1760807355.555558,2025-10-18 17:09:15,106676.92
1760807415.8634033,2025-10-18 17:10:15,106652.24
1760807476.1725361,2025-10-18 17:11:16,106621.6
1760807536.4831603,2025-10-18 17:12:16,106636.14
1760807596.7887099,2025-10-18 17:13:16,106700.94
1760807657.0941834,2025-10-18 17:14:17,106722.72
1760807717.4023247,2025-10-18 17:15:17,106722.71
1760807777.7117136,2025-10-18 17:16:17,106756.0
1760807838.0168777,2025-10-18 17:17:18,106739.36
1760807898.3317096,2025-10-18 17:18:18,106786.0
1760807958.635749,2025-10-18 17:19:18,106755.97
1760808018.943371,2025-10-18 17:20:18,106765.75
1760808079.2343407,2025-10-18 17:21:19,106745.81
1760808139.5396972,2025-10-18 17:22:19,106755.03
1760808199.84628,2025-10-18 17:23:19,106742.99
1760808260.1547275,2025-10-18 17:24:20,106770.73
1760808320.4605634,2025-10-18 17:25:20,106778.18
1760808380.768808,2025-10-18 17:26:20,106900.0
1760808441.077929,2025-10-18 17:27:21,106925.06
1760808501.3855727,2025-10-18 17:28:21,106889.58
1760808561.6888704,2025-10-18 17:29:21,106901.57
1760808621.995423,2025-10-18 17:30:21,106934.21
1760808682.3075838,2025-10-18 17:31:22,106874.86
1760808742.616759,2025-10-18 17:32:22,106839.44
1760808802.925645,2025-10-18 17:33:22,106832.13
1760808863.2353463,2025-10-18 17:34:23,106845.36
1760808923.5458,2025-10-18 17:35:23,106853.39
1760808983.8545852,2025-10-18 17:36:23,106857.66
1760809044.1568172,2025-10-18 17:37:24,106859.99
1760809104.4614801,2025-10-18 17:38:24,106844.63
1760809164.7704759,2025-10-18 17:39:24,106846.4
1760809225.0797272,2025-10-18 17:40:25,106857.07
1760809285.383616,2025-10-18 17:41:25,106815.31
1760809345.691406,2025-10-18 17:42:25,106773.67
1760809405.9991624,2025-10-18 17:43:25,106821.6
1760809466.3055527,2025-10-18 17:44:26,106837.49
1760809526.6521254,2025-10-18 17:45:26,106799.83
1760809586.9611542,2025-10-18 17:46:26,106794.78
1760809647.265026,2025-10-18 17:47:27,106837.46
1760809707.5628712,2025-10-18 17:48:27,106837.46
1760809767.9017265,2025-10-18 17:49:27,106837.46
1760809828.2111492,2025-10-18 17:50:28,106789.32
1760809888.5153139,2025-10-18 17:51:28,106822.38
1760809948.8271067,2025-10-18 17:52:28,106842.88
1760810009.138343,2025-10-18 17:53:29,106806.92
1760810069.443478,2025-10-18 17:54:29,106839.68
1760810129.7506783,2025-10-18 17:55:29,106888.0
1760810190.044319,2025-10-18 17:56:30,106873.84
1760810250.3541896,2025-10-18 17:57:30,106840.01
1760810311.0951972,2025-10-18 17:58:31,106851.83
1760810371.402933,2025-10-18 17:59:31,106888.0
1760810431.7126348,2025-10-18 18:00:31,106880.09
1760810492.0232391,2025-10-18 18:01:32,106896.2
1760810552.3324978,2025-10-18 18:02:32,106883.97
1760810612.6334403,2025-10-18 18:03:32,106867.7
1760810672.938919,2025-10-18 18:04:32,106821.75
1760810733.2526174,2025-10-18 18:05:33,106814.35
1760810793.5617998,2025-10-18 18:06:33,106810.96
1760810853.8902996,2025-10-18 18:07:33,106810.97
1760810914.1939185,2025-10-18 18:08:34,106794.74
1760810974.4994426,2025-10-18 18:09:34,106812.54
1760811034.803693,2025-10-18 18:10:34,106804.95
1760811095.110417,2025-10-18 18:11:35,106773.21
1760811155.415353,2025-10-18 18:12:35,106727.69
1760811215.722538,2025-10-18 18:13:35,106743.58
1760811276.027588,2025-10-18 18:14:36,106735.78
1760811336.323797,2025-10-18 18:15:36,106742.11
1760811396.632339,2025-10-18 18:16:36,106743.99
1760811456.940092,2025-10-18 18:17:36,106762.72
1760811517.2439957,2025-10-18 18:18:37,106752.04
1760811577.9882333,2025-10-18 18:19:37,106778.64
1760811638.2933795,2025-10-18 18:20:38,106740.77
1760811698.6029365,2025-10-18 18:21:38,106740.0
1760811758.9146278,2025-10-18 18:22:38,106722.73
1760811819.2196712,2025-10-18 18:23:39,106729.48
1760811879.5261455,2025-10-18 18:24:39,106738.18
1760811939.809094,2025-10-18 18:25:39,106738.19
1760812000.114977,2025-10-18 18:26:40,106799.98
1760812060.421882,2025-10-18 18:27:40,106777.28
1760812120.7325406,2025-10-18 18:28:40,106751.4
1760812181.042175,2025-10-18 18:29:41,106799.99
1760812241.3466532,2025-10-18 18:30:41,106802.01
1760812301.6552536,2025-10-18 18:31:41,106820.0
1760812361.9583023,2025-10-18 18:32:41,106848.04
1760812422.264448,2025-10-18 18:33:42,106848.03
1760812482.568684,2025-10-18 18:34:42,106842.71
1760812542.8803918,2025-10-18 18:35:42,106837.51
1760812603.1904926,2025-10-18 18:36:43,106857.05
1760812663.4980524,2025-10-18 18:37:43,106871.6
1760812723.7943237,2025-10-18 18:38:43,106881.82
1760812784.1003518,2025-10-18 18:39:44,106850.67
1760812844.407686,2025-10-18 18:40:44,106840.01
1760812904.7160628,2025-10-18 18:41:44,106840.01
1760812965.0238423,2025-10-18 18:42:45,106840.01
1760813025.3477633,2025-10-18 18:43:45,106840.01
1760813085.6510575,2025-10-18 18:44:45,106850.7
1760813145.9655795,2025-10-18 18:45:45,106840.01
1760813206.2701986,2025-10-18 18:46:46,106840.01
1760813266.632103,2025-10-18 18:47:46,106848.49
1760813326.946516,2025-10-18 18:48:46,106824.25
1760813387.2530394,2025-10-18 18:49:47,106813.57
1760813447.562849,2025-10-18 18:50:47,106813.57
1760813507.8679316,2025-10-18 18:51:47,106833.26
1760813568.174937,2025-10-18 18:52:48,106871.27
1760813628.4851735,2025-10-18 18:53:48,106871.28
1760813688.7896342,2025-10-18 18:54:48,106847.01
1760813749.0973318,2025-10-18 18:55:49,106847.01
1760813809.4085948,2025-10-18 18:56:49,106840.01
1760813869.7150855,2025-10-18 18:57:49,106814.54
1760813930.02629,2025-10-18 18:58:50,106837.88
1760813990.335292,2025-10-18 18:59:50,106843.75
1760814050.6406636,2025-10-18 19:00:50,106843.75
1760814110.9504192,2025-10-18 19:01:50,106851.77
1760814171.2571883,2025-10-18 19:02:51,106851.78
1760814231.564796,2025-10-18 19:03:51,106819.72
1760814291.8685677,2025-10-18 19:04:51,106800.0
1760814352.173472,2025-10-18 19:05:52,106823.71
1760814412.4843497,2025-10-18 19:06:52,106776.89
1760814472.7892692,2025-10-18 19:07:52,106780.99
1760814533.0975795,2025-10-18 19:08:53,106808.0
1760814593.409186,2025-10-18 19:09:53,106868.75
1760814653.7172601,2025-10-18 19:10:53,106855.17
1760814714.0255623,2025-10-18 19:11:54,106841.18
1760814774.3395684,2025-10-18 19:12:54,106839.23
1760814834.624429,2025-10-18 19:13:54,106869.45
1760814894.9294515,2025-10-18 19:14:54,106869.45
1760814955.2384398,2025-10-18 19:15:55,106896.81
1760815015.5444176,2025-10-18 19:16:55,106939.16
1760815075.8510876,2025-10-18 19:17:55,106939.16
1760815136.155765,2025-10-18 19:18:56,106966.87
1760815196.4613013,2025-10-18 19:19:56,106983.48
1760815256.7671633,2025-10-18 19:20:56,106970.94
1760815317.075847,2025-10-18 19:21:57,106920.02
1760815377.386616,2025-10-18 19:22:57,106926.06
1760815437.7004137,2025-10-18 19:23:57,106896.82
1760815498.0052054,2025-10-18 19:24:58,106905.39
1760815558.3127134,2025-10-18 19:25:58,106912.13
1760815618.619128,2025-10-18 19:26:58,106949.51
1760815678.9259167,2025-10-18 19:27:58,106969.97
1760815739.2300901,2025-10-18 19:28:59,106984.34
1760815799.5373855,2025-10-18 19:29:59,106984.34
1760815859.8527431,2025-10-18 19:30:59,106965.02
1760815920.1591198,2025-10-18 19:32:00,106958.62
1760815980.4652193,2025-10-18 19:33:00,106978.6
1760816040.7763367,2025-10-18 19:34:00,106965.01
1760816101.078728,2025-10-18 19:35:01,106968.98
1760816161.3859322,2025-10-18 19:36:01,106931.58
1760816221.6897054,2025-10-18 19:37:01,106937.4
1760816281.9985864,2025-10-18 19:38:01,106943.8
1760816342.3094301,2025-10-18 19:39:02,106958.56
1760816402.6218445,2025-10-18 19:40:02,106968.75
1760816462.9083023,2025-10-18 19:41:02,106966.02
1760816523.2196574,2025-10-18 19:42:03,106966.02
1760816583.5302284,2025-10-18 19:43:03,106945.2
1760816643.8459625,2025-10-18 19:44:03,107041.66
1760816704.151488,2025-10-18 19:45:04,106993.9
1760816764.462118,2025-10-18 19:46:04,107032.85
1760816824.7685335,2025-10-18 19:47:04,107053.54
1760816885.0761685,2025-10-18 19:48:05,107053.01
1760816945.377385,2025-10-18 19:49:05,107059.82
1760817005.6849718,2025-10-18 19:50:05,107057.69
1760817066.0045836,2025-10-18 19:51:06,107064.41
1760817126.3092773,2025-10-18 19:52:06,107016.01
1760817186.615693,2025-10-18 19:53:06,107016.02
1760817246.9252596,2025-10-18 19:54:06,107016.02
1760817307.215505,2025-10-18 19:55:07,107040.59
1760817367.5212018,2025-10-18 19:56:07,107028.39
1760817427.830421,2025-10-18 19:57:07,107031.12
1760817488.1441133,2025-10-18 19:58:08,107034.11
1760817548.4506495,2025-10-18 19:59:08,107059.02
1760817608.7558873,2025-10-18 20:00:08,107069.99
1760817669.0642922,2025-10-18 20:01:09,107079.49
1760817729.372317,2025-10-18 20:02:09,107046.11
1760817789.6798227,2025-10-18 20:03:09,107040.0
1760817850.088412,2025-10-18 20:04:10,107085.79
1760817910.3979342,2025-10-18 20:05:10,107085.94
1760817970.703311,2025-10-18 20:06:10,107100.0
1760818031.022938,2025-10-18 20:07:11,107109.69
1760818091.331108,2025-10-18 20:08:11,107246.5
1760818151.6362731,2025-10-18 20:09:11,107246.77
1760818211.9461594,2025-10-18 20:10:11,107187.04
1760818272.262561,2025-10-18 20:11:12,107168.63
1760818332.5622709,2025-10-18 20:12:12,107115.31
1760818392.8797455,2025-10-18 20:13:12,107046.45
1760818453.1959536,2025-10-18 20:14:13,107059.05
1760818513.5052829,2025-10-18 20:15:13,107000.01
1760818573.811528,2025-10-18 20:16:13,107037.99
1760818634.1198587,2025-10-18 20:17:14,107040.0
1760818694.4342945,2025-10-18 20:18:14,107058.99
1760818754.7405274,2025-10-18 20:19:14,107035.51
1760818815.0526955,2025-10-18 20:20:15,107112.01
1760818875.3615499,2025-10-18 20:21:15,107133.65
1760818935.6699889,2025-10-18 20:22:15,107155.32
1760818995.982834,2025-10-18 20:23:15,107172.43
1760819056.2899063,2025-10-18 20:24:16,107171.37
1760819116.5974095,2025-10-18 20:25:16,107175.48
1760819176.9041672,2025-10-18 20:26:16,107238.27
1760819237.2144217,2025-10-18 20:27:17,107221.29
1760819297.5210252,2025-10-18 20:28:17,107207.41
1760819357.8272383,2025-10-18 20:29:17,107229.97
1760819418.1330028,2025-10-18 20:30:18,107235.71
1760819478.4454138,2025-10-18 20:31:18,107276.22
1760819538.7587972,2025-10-18 20:32:18,107225.57
1760819599.0636387,2025-10-18 20:33:19,107175.39
1760819659.372077,2025-10-18 20:34:19,107181.36
1760819719.6815586,2025-10-18 20:35:19,107194.24
1760819779.987709,2025-10-18 20:36:19,107196.39
1760819840.2940934,2025-10-18 20:37:20,107219.99
1760819900.6027763,2025-10-18 20:38:20,107244.41
1760819960.9157896,2025-10-18 20:39:20,107164.08
1760820021.2213268,2025-10-18 20:40:21,107170.0
1760820081.527687,2025-10-18 20:41:21,107161.0
1760820141.8333828,2025-10-18 20:42:21,107120.1
1760820202.1447809,2025-10-18 20:43:22,107150.69
1760820262.4541664,2025-10-18 20:44:22,107166.45
1760820322.7640328,2025-10-18 20:45:22,107200.0
1760820383.0725148,2025-10-18 20:46:23,107202.0
1760820443.3783689,2025-10-18 20:47:23,107193.53
1760820503.671165,2025-10-18 20:48:23,107130.0
1760820563.979262,2025-10-18 20:49:23,107110.01
1760820624.2900279,2025-10-18 20:50:24,107110.01
1760820684.5957105,2025-10-18 20:51:24,107110.01
1760820744.9032254,2025-10-18 20:52:24,107092.15
1760820805.2058525,2025-10-18 20:53:25,107090.0
1760820865.5137854,2025-10-18 20:54:25,107096.43
1760820925.820577,2025-10-18 20:55:25,107096.43
1760820986.1265485,2025-10-18 20:56:26,107137.54
1760821046.4361122,2025-10-18 20:57:26,107067.54
1760821106.7443528,2025-10-18 20:58:26,107060.0
1760821167.0280094,2025-10-18 20:59:27,107060.0
1760821227.3350554,2025-10-18 21:00:27,107003.23
1760821287.6463487,2025-10-18 21:01:27,107015.07
1760821347.9541166,2025-10-18 21:02:27,107037.45
1760821408.2613635,2025-10-18 21:03:28,107042.79
1760821468.566284,2025-10-18 21:04:28,107042.79
1760821528.871656,2025-10-18 21:05:28,107015.78
1760821589.183914,2025-10-18 21:06:29,106974.76
1760821649.492144,2025-10-18 21:07:29,106945.2
1760821709.7984023,2025-10-18 21:08:29,106885.75
1760821770.1050327,2025-10-18 21:09:30,106888.49
1760821830.4118946,2025-10-18 21:10:30,106929.99
1760821890.7172892,2025-10-18 21:11:30,106917.66
1760821951.0333617,2025-10-18 21:12:31,106928.36
1760822011.3208358,2025-10-18 21:13:31,106916.21
1760822071.6293242,2025-10-18 21:14:31,106932.58
1760822131.9333415,2025-10-18 21:15:31,106919.05
1760822192.2371416,2025-10-18 21:16:32,106898.93
1760822252.5429428,2025-10-18 21:17:32,106860.0
1760822312.8485553,2025-10-18 21:18:32,106887.98
1760822373.1528413,2025-10-18 21:19:33,106887.98
1760822433.4669452,2025-10-18 21:20:33,106958.8
1760822493.7727585,2025-10-18 21:21:33,106964.0
1760822554.0849,2025-10-18 21:22:34,107000.82
1760822614.3881245,2025-10-18 21:23:34,107026.92
1760822674.6942353,2025-10-18 21:24:34,107034.96
1760822734.9969096,2025-10-18 21:25:34,107071.13
1760822795.3051891,2025-10-18 21:26:35,107041.97
1760822855.615019,2025-10-18 21:27:35,107058.86
1760822915.922386,2025-10-18 21:28:35,107058.86
1760822976.2307546,2025-10-18 21:29:36,107091.37
1760823036.5121155,2025-10-18 21:30:36,107138.45
1760823096.8171248,2025-10-18 21:31:36,107152.65
1760823157.1206691,2025-10-18 21:32:37,107174.67
1760823217.4255936,2025-10-18 21:33:37,107160.54
1760823277.7332354,2025-10-18 21:34:37,107083.03
1760823338.0394385,2025-10-18 21:35:38,107089.44
1760823398.348923,2025-10-18 21:36:38,107151.91
1760823458.6419883,2025-10-18 21:37:38,107151.92
1760823518.9503162,2025-10-18 21:38:38,107189.18
1760823579.2604592,2025-10-18 21:39:39,107145.09
1760823639.5646148,2025-10-18 21:40:39,107153.64
1760823699.871532,2025-10-18 21:41:39,107077.8
1760823760.1800432,2025-10-18 21:42:40,107113.35
1760823820.4884946,2025-10-18 21:43:40,107075.3
1760823880.7952187,2025-10-18 21:44:40,107067.83
1760823941.0971076,2025-10-18 21:45:41,107073.59
1760824001.4077768,2025-10-18 21:46:41,107094.2
1760824061.7133317,2025-10-18 21:47:41,107094.19
1760824122.0189471,2025-10-18 21:48:42,107105.64
1760824182.323985,2025-10-18 21:49:42,107113.97
1760824242.6414344,2025-10-18 21:50:42,107113.97
1760824302.9479537,2025-10-18 21:51:42,107113.98
1760824363.2581232,2025-10-18 21:52:43,107121.41
1760824423.5689678,2025-10-18 21:53:43,107190.0
1760824483.8749144,2025-10-18 21:54:43,107189.99
1760824544.1631958,2025-10-18 21:55:44,107173.3
1760824604.4702485,2025-10-18 21:56:44,107173.69
1760824664.7801647,2025-10-18 21:57:44,107173.7
1760824725.0835855,2025-10-18 21:58:45,107179.0
1760824785.3864808,2025-10-18 21:59:45,107187.14
1760824845.692397,2025-10-18 22:00:45,107123.86
1760824905.9988768,2025-10-18 22:01:45,107179.0
1760824966.3044388,2025-10-18 22:02:46,107178.99
1760825026.6118078,2025-10-18 22:03:46,107153.61
1760825086.9167106,2025-10-18 22:04:46,107168.98
1760825147.2245526,2025-10-18 22:05:47,107140.0
1760825207.532014,2025-10-18 22:06:47,107140.01
1760825267.8369093,2025-10-18 22:07:47,107179.0
1760825328.145697,2025-10-18 22:08:48,107179.0
1760825388.450618,2025-10-18 22:09:48,107200.4
1760825448.7534795,2025-10-18 22:10:48,107155.4
1760825509.0623112,2025-10-18 22:11:49,107155.01
1760825569.3672764,2025-10-18 22:12:49,107155.02
1760825629.674162,2025-10-18 22:13:49,107103.68
1760825689.977858,2025-10-18 22:14:49,107121.43
1760825750.2835753,2025-10-18 22:15:50,107109.97
1760825810.5922751,2025-10-18 22:16:50,107122.99
1760825870.8951323,2025-10-18 22:17:50,107137.64
1760825931.2022262,2025-10-18 22:18:51,107139.99
1760825991.506768,2025-10-18 22:19:51,107129.6
1760826051.8098924,2025-10-18 22:20:51,107138.91
1760826112.1173182,2025-10-18 22:21:52,107168.25
1760826172.4281633,2025-10-18 22:22:52,107179.0
1760826232.737365,2025-10-18 22:23:52,107216.65
1760826293.0428555,2025-10-18 22:24:53,107214.49
1760826353.3518894,2025-10-18 22:25:53,107275.26
1760826413.655645,2025-10-18 22:26:53,107269.47
1760826473.9613905,2025-10-18 22:27:53,107210.61
1760826534.2605093,2025-10-18 22:28:54,107221.33
1760826594.5696633,2025-10-18 22:29:54,107237.91
1760826654.8782995,2025-10-18 22:30:54,107200.15
1760826715.1969504,2025-10-18 22:31:55,107200.16
1760826775.4937813,2025-10-18 22:32:55,107221.88
1760826835.798134,2025-10-18 22:33:55,107202.69
1760826896.1109328,2025-10-18 22:34:56,107221.71
1760826956.4187686,2025-10-18 22:35:56,107234.2
1760827017.1468153,2025-10-18 22:36:57,107215.22
1760827077.4580238,2025-10-18 22:37:57,107216.86
1760827137.7641633,2025-10-18 22:38:57,107196.35
1760827198.0708165,2025-10-18 22:39:58,107199.0
1760827258.3747132,2025-10-18 22:40:58,107192.63
1760827318.6836357,2025-10-18 22:41:58,107181.25
1760827378.9878933,2025-10-18 22:42:58,107140.01
1760827439.2935736,2025-10-18 22:43:59,107156.37
1760827499.598125,2025-10-18 22:44:59,107156.37
1760827559.9056418,2025-10-18 22:45:59,107120.01
1760827620.2158687,2025-10-18 22:47:00,107110.01
1760827680.5242422,2025-10-18 22:48:00,107086.4
1760827740.8333278,2025-10-18 22:49:00,107135.8
1760827801.137675,2025-10-18 22:50:01,107124.32
1760827861.4456918,2025-10-18 22:51:01,107113.34
1760827921.749283,2025-10-18 22:52:01,107078.0
1760827982.0597343,2025-10-18 22:53:02,107077.31
1760828042.3644342,2025-10-18 22:54:02,107097.9
1760828102.6709814,2025-10-18 22:55:02,107131.18
1760828162.9569156,2025-10-18 22:56:02,107112.02
1760828223.2667239,2025-10-18 22:57:03,107125.88
1760828283.5425317,2025-10-18 22:58:03,107125.87
1760828343.8513677,2025-10-18 22:59:03,107125.87
1760828404.164263,2025-10-18 23:00:04,107112.84
1760828464.4680812,2025-10-18 23:01:04,107104.4
1760828524.776008,2025-10-18 23:02:04,107100.01
1760828585.0846972,2025-10-18 23:03:05,107107.23
1760828645.3900487,2025-10-18 23:04:05,107148.46
1760828705.6955326,2025-10-18 23:05:05,107172.21
1760828765.99911,2025-10-18 23:06:05,107155.3
1760828826.3040605,2025-10-18 23:07:06,107132.56
1760828886.6111975,2025-10-18 23:08:06,107153.36
1760828946.9062488,2025-10-18 23:09:06,107163.17
1760829007.2152233,2025-10-18 23:10:07,107173.92
1760829067.5222826,2025-10-18 23:11:07,107067.55
1760829127.8326113,2025-10-18 23:12:07,107062.55
1760829188.1383915,2025-10-18 23:13:08,107081.46
1760829248.4485855,2025-10-18 23:14:08,107081.45
1760829308.757874,2025-10-18 23:15:08,107124.15
1760829369.0616586,2025-10-18 23:16:09,107103.07
1760829429.3710904,2025-10-18 23:17:09,107085.92
1760829489.680364,2025-10-18 23:18:09,107072.01
1760829549.9847348,2025-10-18 23:19:09,107022.86
1760829610.297085,2025-10-18 23:20:10,107054.98
1760829670.6026964,2025-10-18 23:21:10,107042.84
1760829730.900312,2025-10-18 23:22:10,107032.93
1760829791.2041993,2025-10-18 23:23:11,107045.2
1760829851.512583,2025-10-18 23:24:11,107045.2
1760829911.8215454,2025-10-18 23:25:11,107077.52
1760829972.129441,2025-10-18 23:26:12,107071.57
1760830032.4347336,2025-10-18 23:27:12,107052.41
1760830092.7367783,2025-10-18 23:28:12,107052.41
1760830153.0502543,2025-10-18 23:29:13,107054.97
1760830213.3544948,2025-10-18 23:30:13,107088.6
1760830273.65978,2025-10-18 23:31:13,107088.59
1760830333.9639359,2025-10-18 23:32:13,107088.59
1760830394.2678316,2025-10-18 23:33:14,107118.43
1760830454.5740137,2025-10-18 23:34:14,107110.71
1760830514.8770113,2025-10-18 23:35:14,107110.71
1760830575.182657,2025-10-18 23:36:15,107090.1
1760830635.4758666,2025-10-18 23:37:15,107090.11
1760830695.7807612,2025-10-18 23:38:15,107120.0
1760830756.081291,2025-10-18 23:39:16,107120.0
1760830816.3884478,2025-10-18 23:40:16,107120.0
1760830876.6924443,2025-10-18 23:41:16,107097.7
1760830936.9955335,2025-10-18 23:42:16,107097.69
1760830997.2819438,2025-10-18 23:43:17,107097.69
1760831057.5856817,2025-10-18 23:44:17,107077.59
1760831117.8903754,2025-10-18 23:45:17,107077.59
1760831178.1938968,2025-10-18 23:46:18,107077.59
1760831238.497686,2025-10-18 23:47:18,107077.58
1760831298.8030996,2025-10-18 23:48:18,107118.52
1760831359.1102257,2025-10-18 23:49:19,107118.52
1760831419.4193835,2025-10-18 23:50:19,107091.28
1760831479.7222188,2025-10-18 23:51:19,107091.28
1760831540.0299363,2025-10-18 23:52:20,107103.74
1760831600.3341463,2025-10-18 23:53:20,107118.99
1760831660.6386766,2025-10-18 23:54:20,107129.56
1760831720.9455295,2025-10-18 23:55:20,107139.05
1760831781.2464666,2025-10-18 23:56:21,107145.47
1760831841.550669,2025-10-18 23:57:21,107149.88
1760831901.855451,2025-10-18 23:58:21,107166.98
1760831962.1638248,2025-10-18 23:59:22,107185.0
1760832022.4693604,2025-10-19 00:00:22,107181.5
1760832082.771634,2025-10-19 00:01:22,107199.99
1760832143.0773823,2025-10-19 00:02:23,107172.68
1760832203.382177,2025-10-19 00:03:23,107164.06
1760832263.778425,2025-10-19 00:04:23,107172.01
1760832324.086342,2025-10-19 00:05:24,107194.83
1760832384.3892498,2025-10-19 00:06:24,107125.95
1760832444.693962,2025-10-19 00:07:24,107119.56
1760832504.979047,2025-10-19 00:08:24,107034.74
1760832565.2836106,2025-10-19 00:09:25,107154.01
1760832625.5956807,2025-10-19 00:10:25,107111.88
1760832685.9038231,2025-10-19 00:11:25,107123.11
1760832746.2103791,2025-10-19 00:12:26,107157.29
1760832806.5136437,2025-10-19 00:13:26,107112.89
1760832866.8175483,2025-10-19 00:14:26,107006.5
1760832927.1250763,2025-10-19 00:15:27,107112.89
1760832987.4291778,2025-10-19 00:16:27,107073.32
1760833047.7372034,2025-10-19 00:17:27,107076.26
1760833108.0395408,2025-10-19 00:18:28,107113.82
1760833168.339991,2025-10-19 00:19:28,107077.35
1760833228.6407657,2025-10-19 00:20:28,107077.68
1760833288.9486344,2025-10-19 00:21:28,107092.89
1760833349.2439475,2025-10-19 00:22:29,107141.4
1760833409.5468984,2025-10-19 00:23:29,107110.72
1760833469.8553863,2025-10-19 00:24:29,107138.04
1760833530.1601431,2025-10-19 00:25:30,107141.28
1760833590.464596,2025-10-19 00:26:30,107141.28
1760833650.768877,2025-10-19 00:27:30,107120.01
1760833711.0724776,2025-10-19 00:28:31,107099.04
1760833771.3782313,2025-10-19 00:29:31,107088.34
1760833831.6842203,2025-10-19 00:30:31,107088.35
1760833891.9891653,2025-10-19 00:31:31,107070.14
1760833952.2968214,2025-10-19 00:32:32,107000.0
1760834012.5862534,2025-10-19 00:33:32,107017.07
1760834072.8893456,2025-10-19 00:34:32,107017.07
1760834133.1945827,2025-10-19 00:35:33,107000.01
1760834193.5039105,2025-10-19 00:36:33,106980.0
1760834253.8061402,2025-10-19 00:37:33,106959.69
1760834314.1113305,2025-10-19 00:38:34,106965.82
1760834374.4178665,2025-10-19 00:39:34,106950.21
1760834434.7241628,2025-10-19 00:40:34,106946.13
1760834495.0303643,2025-10-19 00:41:35,106954.93
1760834555.3370209,2025-10-19 00:42:35,106969.37
1760834615.6428142,2025-10-19 00:43:35,106776.72
1760834675.946591,2025-10-19 00:44:35,106839.99
1760834736.2454362,2025-10-19 00:45:36,106845.85
1760834796.5572774,2025-10-19 00:46:36,106861.87
1760834856.8622599,2025-10-19 00:47:36,106778.53
1760834917.1488872,2025-10-19 00:48:37,106756.83
1760834977.4536088,2025-10-19 00:49:37,106765.13
1760835037.7632399,2025-10-19 00:50:37,106794.65
1760835098.0696237,2025-10-19 00:51:38,106790.38
1760835158.3770118,2025-10-19 00:52:38,106767.6
1760835218.6815643,2025-10-19 00:53:38,106767.57
1760835278.9884577,2025-10-19 00:54:38,106842.68
1760835339.297826,2025-10-19 00:55:39,106882.01
1760835399.6047254,2025-10-19 00:56:39,106906.25
1760835459.9077911,2025-10-19 00:57:39,106883.58
1760835520.2117722,2025-10-19 00:58:40,106904.74
1760835580.5133407,2025-10-19 00:59:40,106889.88
1760835640.8153758,2025-10-19 01:00:40,106879.91
1760835701.117538,2025-10-19 01:01:41,106871.61
1760835761.4272084,2025-10-19 01:02:41,106865.19
1760835821.7323356,2025-10-19 01:03:41,106836.03
1760835882.0401742,2025-10-19 01:04:42,106836.04
1760835942.3479562,2025-10-19 01:05:42,106844.33
1760836002.6561103,2025-10-19 01:06:42,106827.94
1760836062.9676216,2025-10-19 01:07:42,106794.89
1760836123.2697039,2025-10-19 01:08:43,106806.33
1760836183.5784833,2025-10-19 01:09:43,106793.33
1760836243.877905,2025-10-19 01:10:43,106761.67
1760836304.1838565,2025-10-19 01:11:44,106782.0
1760836364.4892714,2025-10-19 01:12:44,106810.36
1760836424.793011,2025-10-19 01:13:44,106819.99
1760836485.093724,2025-10-19 01:14:45,106817.61
1760836545.3945417,2025-10-19 01:15:45,106817.61
1760836605.6977983,2025-10-19 01:16:45,106862.74
1760836666.006049,2025-10-19 01:17:46,106878.18
1760836726.3124542,2025-10-19 01:18:46,106890.59
1760836786.6215458,2025-10-19 01:19:46,106925.69
1760836846.9272873,2025-10-19 01:20:46,106980.92
1760836907.232246,2025-10-19 01:21:47,106940.0
1760836967.5277123,2025-10-19 01:22:47,106939.99
1760837027.830364,2025-10-19 01:23:47,106967.24
1760837088.1367302,2025-10-19 01:24:48,106967.25
1760837148.4393423,2025-10-19 01:25:48,106966.56
1760837208.7449818,2025-10-19 01:26:48,106938.01
1760837269.0478506,2025-10-19 01:27:49,106937.99
1760837329.3442664,2025-10-19 01:28:49,106937.99
1760837389.6434984,2025-10-19 01:29:49,106938.0
1760837449.9499667,2025-10-19 01:30:49,106965.28
1760837510.2584164,2025-10-19 01:31:50,106965.28
1760837570.5604253,2025-10-19 01:32:50,106911.28
1760837630.864128,2025-10-19 01:33:50,106920.0
1760837691.1692472,2025-10-19 01:34:51,106926.52
1760837751.4714694,2025-10-19 01:35:51,106926.53
1760837811.7748778,2025-10-19 01:36:51,106903.98
1760837872.0806403,2025-10-19 01:37:52,106921.46
1760837932.3839936,2025-10-19 01:38:52,106912.16
1760837992.6876388,2025-10-19 01:39:52,106904.32
1760838052.9952447,2025-10-19 01:40:52,106904.33
1760838113.301451,2025-10-19 01:41:53,106904.32
1760838173.6075373,2025-10-19 01:42:53,106874.88
1760838234.3369586,2025-10-19 01:43:54,106884.0
1760838294.6439128,2025-10-19 01:44:54,106884.01
1760838354.953374,2025-10-19 01:45:54,106928.95
1760838415.2594519,2025-10-19 01:46:55,106934.48
1760838475.5645604,2025-10-19 01:47:55,106945.32
1760838535.8723164,2025-10-19 01:48:55,106945.32
1760838596.1689985,2025-10-19 01:49:56,106916.81
1760838656.4775271,2025-10-19 01:50:56,106941.72
1760838716.780899,2025-10-19 01:51:56,106955.06
1760838777.0868204,2025-10-19 01:52:57,106978.16
1760838837.3949552,2025-10-19 01:53:57,106988.79
1760838897.7015436,2025-10-19 01:54:57,106983.24
1760838958.0051754,2025-10-19 01:55:58,106942.8
1760839018.3127217,2025-10-19 01:56:58,106929.81
1760839078.6187615,2025-10-19 01:57:58,106929.82
1760839138.92182,2025-10-19 01:58:58,106947.76
1760839199.2272806,2025-10-19 01:59:59,106973.26
1760839259.5305684,2025-10-19 02:00:59,106970.87
1760839319.8245785,2025-10-19 02:01:59,106959.68
1760839380.1329303,2025-10-19 02:03:00,106940.58
1760839440.434777,2025-10-19 02:04:00,106929.98
1760839500.738878,2025-10-19 02:05:00,106919.42
1760839561.0442047,2025-10-19 02:06:01,106934.21
1760839621.3510816,2025-10-19 02:07:01,106906.33
1760839681.653562,2025-10-19 02:08:01,106910.22
1760839741.963021,2025-10-19 02:09:01,106910.22
1760839802.2802842,2025-10-19 02:10:02,106994.79
1760839862.5855708,2025-10-19 02:11:02,106986.76
1760839922.8908234,2025-10-19 02:12:02,106986.77
1760839983.192999,2025-10-19 02:13:03,106956.96
1760840043.496885,2025-10-19 02:14:03,106926.24
1760840103.8045137,2025-10-19 02:15:03,106935.24
1760840164.1092386,2025-10-19 02:16:04,106935.23
1760840224.412072,2025-10-19 02:17:04,106935.24
1760840284.7140498,2025-10-19 02:18:04,106914.0
1760840345.0205076,2025-10-19 02:19:05,106913.99
1760840405.3217578,2025-10-19 02:20:05,106926.65
1760840465.6251733,2025-10-19 02:21:05,106971.39
1760840525.9320343,2025-10-19 02:22:05,106959.69
1760840586.2391186,2025-10-19 02:23:06,106968.1
1760840646.544251,2025-10-19 02:24:06,106944.4
1760840706.8478737,2025-10-19 02:25:06,106944.4
1760840767.1526394,2025-10-19 02:26:07,106944.4
1760840827.4534078,2025-10-19 02:27:07,106926.9
1760840887.7553678,2025-10-19 02:28:07,106900.0
1760840948.062706,2025-10-19 02:29:08,106888.99
1760841008.363399,2025-10-19 02:30:08,106888.98
1760841068.666317,2025-10-19 02:31:08,106888.98
1760841128.9712198,2025-10-19 02:32:08,106879.22
1760841189.2755897,2025-10-19 02:33:09,106895.58
1760841249.5788634,2025-10-19 02:34:09,106870.62
1760841309.886833,2025-10-19 02:35:09,106855.3
1760841370.1961193,2025-10-19 02:36:10,106840.9
1760841430.5054235,2025-10-19 02:37:10,106848.56
1760841490.8109403,2025-10-19 02:38:10,106874.44
1760841551.1140838,2025-10-19 02:39:11,106894.0
1760841611.4172945,2025-10-19 02:40:11,106848.12
1760841671.717392,2025-10-19 02:41:11,106848.12
1760841732.0246959,2025-10-19 02:42:12,106858.8
1760841792.3316658,2025-10-19 02:43:12,106858.8
1760841852.6422882,2025-10-19 02:44:12,106858.8
1760841912.9458518,2025-10-19 02:45:12,106858.79
1760841973.2400925,2025-10-19 02:46:13,106858.78
1760842033.5436091,2025-10-19 02:47:13,106823.3
1760842093.8448806,2025-10-19 02:48:13,106840.74
1760842154.1467915,2025-10-19 02:49:14,106836.73
1760842214.453628,2025-10-19 02:50:14,106860.6
1760842274.757293,2025-10-19 02:51:14,106876.08
1760842335.0644841,2025-10-19 02:52:15,106860.6
1760842395.3656583,2025-10-19 02:53:15,106840.01
1760842455.669084,2025-10-19 02:54:15,106880.97
1760842515.9767463,2025-10-19 02:55:15,106878.23
1760842576.2794378,2025-10-19 02:56:16,106860.0
1760842636.5807161,2025-10-19 02:57:16,106850.01
1760842696.8700953,2025-10-19 02:58:16,106850.0
1760842757.1729522,2025-10-19 02:59:17,106856.41
1760842817.4770515,2025-10-19 03:00:17,106847.02
1760842877.7810237,2025-10-19 03:01:17,106837.36
1760842938.0824344,2025-10-19 03:02:18,106837.36
1760842998.3863084,2025-10-19 03:03:18,106844.25
1760843058.687186,2025-10-19 03:04:18,106815.56
1760843119.0244873,2025-10-19 03:05:19,106829.09
1760843179.3254871,2025-10-19 03:06:19,106814.5
1760843239.640307,2025-10-19 03:07:19,106833.73
1760843299.944523,2025-10-19 03:08:19,106829.31
1760843360.2499566,2025-10-19 03:09:20,106805.63
1760843420.5502553,2025-10-19 03:10:20,106826.7
1760843480.855795,2025-10-19 03:11:20,106826.69
1760843541.1582723,2025-10-19 03:12:21,106837.41
1760843601.4662127,2025-10-19 03:13:21,106837.41
1760843661.7682383,2025-10-19 03:14:21,106837.41
1760843722.0693922,2025-10-19 03:15:22,106850.0
1760843782.370897,2025-10-19 03:16:22,106891.18
1760843842.6747856,2025-10-19 03:17:22,106928.86
1760843902.9808412,2025-10-19 03:18:22,106972.0
1760843963.2857308,2025-10-19 03:19:23,107030.11
1760844023.5898292,2025-10-19 03:20:23,107112.32
1760844083.8934276,2025-10-19 03:21:23,107088.01
1760844144.199758,2025-10-19 03:22:24,107123.3
1760844204.5055208,2025-10-19 03:23:24,107117.52
1760844264.8087907,2025-10-19 03:24:24,107121.75
1760844325.112293,2025-10-19 03:25:25,107068.14
1760844385.4172878,2025-10-19 03:26:25,107076.9
1760844445.7239482,2025-10-19 03:27:25,107109.53
1760844506.0285218,2025-10-19 03:28:26,107109.53
1760844566.335651,2025-10-19 03:29:26,107121.99
1760844626.645022,2025-10-19 03:30:26,107167.64
1760844686.9514287,2025-10-19 03:31:26,107133.97
1760844747.2576642,2025-10-19 03:32:27,107196.55
1760844807.561935,2025-10-19 03:33:27,107152.43
1760844867.8698328,2025-10-19 03:34:27,107144.85
1760844928.1616058,2025-10-19 03:35:28,107171.69
1760844988.4654474,2025-10-19 03:36:28,107191.08
1760845048.739602,2025-10-19 03:37:28,107230.0
1760845109.0393863,2025-10-19 03:38:29,107218.61
1760845169.3444264,2025-10-19 03:39:29,107249.87
1760845229.6309845,2025-10-19 03:40:29,107260.0
1760845289.9349709,2025-10-19 03:41:29,107189.95
1760845350.2414713,2025-10-19 03:42:30,107270.58
1760845410.548431,2025-10-19 03:43:30,107200.17
1760845470.8530395,2025-10-19 03:44:30,107236.61
1760845531.1582294,2025-10-19 03:45:31,107262.0
1760845591.4608798,2025-10-19 03:46:31,107283.24
1760845651.765371,2025-10-19 03:47:31,107302.96
1760845712.072351,2025-10-19 03:48:32,107307.03
1760845772.3797739,2025-10-19 03:49:32,107321.0
1760845832.688482,2025-10-19 03:50:32,107302.24
1760845892.997567,2025-10-19 03:51:32,107262.85
1760845953.3063707,2025-10-19 03:52:33,107253.58
1760846013.6097672,2025-10-19 03:53:33,107260.01
1760846073.914591,2025-10-19 03:54:33,107226.56
1760846134.2217383,2025-10-19 03:55:34,107224.0
1760846194.5036848,2025-10-19 03:56:34,107253.59
1760846254.8095129,2025-10-19 03:57:34,107245.13
1760846315.1170878,2025-10-19 03:58:35,107275.79
1760846375.42247,2025-10-19 03:59:35,107275.79
1760846435.7264307,2025-10-19 04:00:35,107280.12
1760846496.0322967,2025-10-19 04:01:36,107201.99
1760846556.3201914,2025-10-19 04:02:36,107208.39
1760846616.627812,2025-10-19 04:03:36,107208.4
1760846676.9337728,2025-10-19 04:04:36,107208.4
1760846737.2398574,2025-10-19 04:05:37,107219.11
1760846797.5484784,2025-10-19 04:06:37,107233.01
1760846857.8546758,2025-10-19 04:07:37,107184.09
1760846918.1603408,2025-10-19 04:08:38,107038.43
1760846978.4634063,2025-10-19 04:09:38,107051.45
1760847038.7523034,2025-10-19 04:10:38,107088.22
1760847099.0457828,2025-10-19 04:11:39,107083.27
1760847159.3514628,2025-10-19 04:12:39,107033.73
1760847219.6536925,2025-10-19 04:13:39,107015.61
1760847279.9600446,2025-10-19 04:14:39,107033.46
1760847340.2629993,2025-10-19 04:15:40,107060.74
1760847400.5651393,2025-10-19 04:16:40,107061.28
1760847460.8661728,2025-10-19 04:17:40,107017.43
1760847521.1705623,2025-10-19 04:18:41,107016.03
1760847581.4738805,2025-10-19 04:19:41,107005.36
1760847641.777903,2025-10-19 04:20:41,107023.73
1760847702.0787694,2025-10-19 04:21:42,107040.09
1760847762.3749049,2025-10-19 04:22:42,107013.03
1760847822.6826766,2025-10-19 04:23:42,107043.02
1760847882.9907112,2025-10-19 04:24:42,107043.02
1760847943.2933543,2025-10-19 04:25:43,107045.67
1760848003.5969784,2025-10-19 04:26:43,107045.67
1760848063.9019237,2025-10-19 04:27:43,107024.55
1760848124.2093287,2025-10-19 04:28:44,107026.71
1760848184.517545,2025-10-19 04:29:44,107064.58
1760848244.8258832,2025-10-19 04:30:44,107124.92
1760848305.1303022,2025-10-19 04:31:45,107157.78
1760848365.4347634,2025-10-19 04:32:45,107139.49
1760848425.7432714,2025-10-19 04:33:45,107139.48
1760848486.051692,2025-10-19 04:34:46,107146.07
1760848546.3555062,2025-10-19 04:35:46,107146.07
1760848606.662524,2025-10-19 04:36:46,107131.52
1760848666.9673593,2025-10-19 04:37:46,107104.22
1760848727.27169,2025-10-19 04:38:47,107116.7
1760848787.5796041,2025-10-19 04:39:47,107131.18
1760848847.8766093,2025-10-19 04:40:47,107136.53
1760848908.1824963,2025-10-19 04:41:48,107136.53
1760848968.4858458,2025-10-19 04:42:48,107136.53
1760849028.7902153,2025-10-19 04:43:48,107136.53
1760849089.0948682,2025-10-19 04:44:49,107120.0
1760849149.3972766,2025-10-19 04:45:49,107126.4
1760849209.701137,2025-10-19 04:46:49,107156.78
1760849270.0051234,2025-10-19 04:47:50,107096.03
1760849330.3020449,2025-10-19 04:48:50,107099.85
1760849390.608292,2025-10-19 04:49:50,107085.35
1760849450.9119747,2025-10-19 04:50:50,107091.78
1760849511.2132907,2025-10-19 04:51:51,107091.77
1760849571.5172544,2025-10-19 04:52:51,107075.16
1760849631.82729,2025-10-19 04:53:51,107058.01
1760849692.1316106,2025-10-19 04:54:52,107078.5
1760849752.4343722,2025-10-19 04:55:52,107078.5
1760849812.737951,2025-10-19 04:56:52,107049.92
1760849873.0437136,2025-10-19 04:57:53,107067.53
1760849933.3474092,2025-10-19 04:58:53,107067.53
1760849993.6554291,2025-10-19 04:59:53,107046.89
1760850053.962187,2025-10-19 05:00:53,107059.99
1760850114.2670753,2025-10-19 05:01:54,107059.99
1760850174.5631483,2025-10-19 05:02:54,107045.44
1760850234.8665655,2025-10-19 05:03:54,107051.15
1760850295.1672645,2025-10-19 05:04:55,107051.16
1760850355.4726715,2025-10-19 05:05:55,107045.01
1760850415.773915,2025-10-19 05:06:55,107059.99
1760850476.0811088,2025-10-19 05:07:56,107060.0
1760850536.388499,2025-10-19 05:08:56,107074.06
1760850596.6911714,2025-10-19 05:09:56,107074.05
1760850656.9990492,2025-10-19 05:10:56,107068.02
1760850717.3048017,2025-10-19 05:11:57,107078.73
1760850777.6089025,2025-10-19 05:12:57,107058.52
1760850837.912097,2025-10-19 05:13:57,107049.39
1760850898.2147799,2025-10-19 05:14:58,107049.39
1760850958.522668,2025-10-19 05:15:58,107044.8
1760851018.8287933,2025-10-19 05:16:58,107071.8
1760851079.1355903,2025-10-19 05:17:59,107112.31
1760851139.4382474,2025-10-19 05:18:59,107138.13
1760851199.7413726,2025-10-19 05:19:59,107128.16
1760851260.0442586,2025-10-19 05:21:00,107139.99
1760851320.34801,2025-10-19 05:22:00,107180.0
1760851380.652118,2025-10-19 05:23:00,107105.99
1760851440.9572618,2025-10-19 05:24:00,107058.59
1760851501.2647305,2025-10-19 05:25:01,107050.01
1760851561.5703154,2025-10-19 05:26:01,107026.59
1760851621.8757446,2025-10-19 05:27:01,107013.99
1760851682.1644235,2025-10-19 05:28:02,106924.47
1760851742.467079,2025-10-19 05:29:02,106959.19
1760851802.7845814,2025-10-19 05:30:02,106978.63
1760851863.0612862,2025-10-19 05:31:03,106980.31
1760851923.3626006,2025-10-19 05:32:03,106951.14
1760851983.6697454,2025-10-19 05:33:03,106972.37
1760852043.9755194,2025-10-19 05:34:03,106986.61
1760852104.2779222,2025-10-19 05:35:04,107032.85
1760852164.5825438,2025-10-19 05:36:04,107036.43
1760852224.8914516,2025-10-19 05:37:04,107006.43
1760852285.1825998,2025-10-19 05:38:05,107021.44
1760852345.490411,2025-10-19 05:39:05,107044.19
1760852405.7930868,2025-10-19 05:40:05,107011.03
1760852466.0977762,2025-10-19 05:41:06,107000.0
1760852526.401594,2025-10-19 05:42:06,107000.0
1760852586.7077584,2025-10-19 05:43:06,106957.0
1760852647.0126183,2025-10-19 05:44:07,106984.91
1760852707.316213,2025-10-19 05:45:07,106946.11
1760852767.6190999,2025-10-19 05:46:07,106928.4
1760852827.925312,2025-10-19 05:47:07,106886.89
1760852888.226719,2025-10-19 05:48:08,106888.59
1760852948.530988,2025-10-19 05:49:08,106881.15
1760853008.8360064,2025-10-19 05:50:08,106872.84
1760853069.1388898,2025-10-19 05:51:09,106880.31
1760853129.4407678,2025-10-19 05:52:09,106841.0
1760853189.7476583,2025-10-19 05:53:09,106808.41
1760853250.0540392,2025-10-19 05:54:10,106828.04
1760853310.3607757,2025-10-19 05:55:10,106852.74
1760853370.6645565,2025-10-19 05:56:10,106837.34
1760853430.9697626,2025-10-19 05:57:10,106871.37
1760853491.2735987,2025-10-19 05:58:11,106851.11
1760853551.566098,2025-10-19 05:59:11,106859.42
1760853611.8755453,2025-10-19 06:00:11,106878.22
1760853672.184416,2025-10-19 06:01:12,106873.96
1760853732.4877205,2025-10-19 06:02:12,106855.02
1760853792.7929819,2025-10-19 06:03:12,106886.28
1760853853.111154,2025-10-19 06:04:13,106878.7
1760853913.4153469,2025-10-19 06:05:13,106897.59
1760853973.7225206,2025-10-19 06:06:13,106905.1
1760854034.031609,2025-10-19 06:07:14,106899.7
1760854094.3387218,2025-10-19 06:08:14,106899.71
1760854154.6480591,2025-10-19 06:09:14,106840.0
1760854214.9552066,2025-10-19 06:10:14,106844.89
1760854275.2620244,2025-10-19 06:11:15,106834.21
1760854335.5679512,2025-10-19 06:12:15,106826.7
1760854395.8729994,2025-10-19 06:13:15,106853.96
1760854456.1831832,2025-10-19 06:14:16,106814.05
1760854516.487554,2025-10-19 06:15:16,106803.37
1760854576.780417,2025-10-19 06:16:16,106798.35
1760854637.0863726,2025-10-19 06:17:17,106802.62
1760854697.39126,2025-10-19 06:18:17,106791.99
1760854757.6977384,2025-10-19 06:19:17,106798.67
1760854818.0082939,2025-10-19 06:20:18,106802.64
1760854878.3096428,2025-10-19 06:21:18,106798.68
1760854938.6187737,2025-10-19 06:22:18,106777.57
1760854998.925867,2025-10-19 06:23:18,106791.29
1760855059.2307785,2025-10-19 06:24:19,106794.17
1760855119.5421798,2025-10-19 06:25:19,106790.85
1760855179.847677,2025-10-19 06:26:19,106810.0
1760855240.1525955,2025-10-19 06:27:20,106799.01
1760855300.4552822,2025-10-19 06:28:20,106799.0
1760855360.76417,2025-10-19 06:29:20,106798.99
1760855421.0703166,2025-10-19 06:30:21,106816.91
1760855481.3775945,2025-10-19 06:31:21,106769.55
1760855541.6833043,2025-10-19 06:32:21,106728.47
1760855601.990223,2025-10-19 06:33:21,106751.97
1760855662.2942946,2025-10-19 06:34:22,106755.02
1760855722.6018677,2025-10-19 06:35:22,106688.08
1760855782.9063976,2025-10-19 06:36:22,106672.92
1760855843.2106445,2025-10-19 06:37:23,106580.43
1760855903.5165765,2025-10-19 06:38:23,106590.31
1760855963.8260267,2025-10-19 06:39:23,106629.32
1760856024.1289248,2025-10-19 06:40:24,106653.38
1760856084.432668,2025-10-19 06:41:24,106706.78
1760856144.7370527,2025-10-19 06:42:24,106772.64
1760856205.0463808,2025-10-19 06:43:25,106727.76
1760856265.3476636,2025-10-19 06:44:25,106700.01
1760856325.6515915,2025-10-19 06:45:25,106701.05
1760856385.9590375,2025-10-19 06:46:25,106670.0
1760856446.2870424,2025-10-19 06:47:26,106681.04
1760856506.594648,2025-10-19 06:48:26,106691.19
1760856566.8989706,2025-10-19 06:49:26,106715.99
1760856627.2046928,2025-10-19 06:50:27,106701.8
1760856687.5140529,2025-10-19 06:51:27,106706.08
1760856747.8171482,2025-10-19 06:52:27,106722.79
1760856808.12233,2025-10-19 06:53:28,106701.99
1760856868.4256015,2025-10-19 06:54:28,106697.16
1760856928.7294297,2025-10-19 06:55:28,106709.41
1760856989.0367837,2025-10-19 06:56:29,106741.5
1760857049.3431067,2025-10-19 06:57:29,106766.68
1760857109.640878,2025-10-19 06:58:29,106767.97
1760857169.9478755,2025-10-19 06:59:29,106777.76
1760857230.2543962,2025-10-19 07:00:30,106767.07
1760857290.560648,2025-10-19 07:01:30,106767.69
1760857350.864449,2025-10-19 07:02:30,106737.91
1760857411.1688297,2025-10-19 07:03:31,106761.61
1760857471.4740207,2025-10-19 07:04:31,106779.99
1760857531.7813756,2025-10-19 07:05:31,106805.51
1760857592.0879111,2025-10-19 07:06:32,106805.52
1760857652.395225,2025-10-19 07:07:32,106801.99
1760857712.7030797,2025-10-19 07:08:32,106794.75
1760857773.00526,2025-10-19 07:09:33,106841.84
1760857833.3089373,2025-10-19 07:10:33,106869.98
1760857893.6238172,2025-10-19 07:11:33,106816.02
1760857953.930652,2025-10-19 07:12:33,106816.02
1760858014.2389288,2025-10-19 07:13:34,106843.8
1760858074.5413592,2025-10-19 07:14:34,106860.0
1760858134.8463204,2025-10-19 07:15:34,106892.0
1760858195.1500254,2025-10-19 07:16:35,106900.0
1760858255.4549472,2025-10-19 07:17:35,106912.07
1760858315.7574608,2025-10-19 07:18:35,106906.38
1760858376.062668,2025-10-19 07:19:36,106880.61
1760858436.3677015,2025-10-19 07:20:36,106867.94
1760858496.6688845,2025-10-19 07:21:36,106846.01
1760858556.975875,2025-10-19 07:22:36,106832.04
1760858617.277689,2025-10-19 07:23:37,106827.76
1760858677.58482,2025-10-19 07:24:37,106840.0
1760858737.8903797,2025-10-19 07:25:37,106868.25
1760858798.19605,2025-10-19 07:26:38,106903.25
1760858858.5048532,2025-10-19 07:27:38,106907.8
1760858918.8099895,2025-10-19 07:28:38,106904.57
1760858979.0858486,2025-10-19 07:29:39,106854.34
1760859039.3884661,2025-10-19 07:30:39,106857.6
1760859099.6907856,2025-10-19 07:31:39,106829.06
1760859159.9950926,2025-10-19 07:32:39,106836.53
1760859220.3031764,2025-10-19 07:33:40,106841.65
1760859280.6099942,2025-10-19 07:34:40,106867.0
1760859340.9070733,2025-10-19 07:35:40,106864.31
1760859401.2166247,2025-10-19 07:36:41,106860.98
1760859461.5194938,2025-10-19 07:37:41,106858.75
1760859521.8297684,2025-10-19 07:38:41,106819.22
1760859582.1361573,2025-10-19 07:39:42,106786.51
1760859642.4457319,2025-10-19 07:40:42,106729.47
1760859702.7495127,2025-10-19 07:41:42,106709.72
1760859763.0586414,2025-10-19 07:42:43,106740.28
1760859823.3649604,2025-10-19 07:43:43,106752.75
1760859883.672826,2025-10-19 07:44:43,106742.08
1760859943.9782996,2025-10-19 07:45:43,106739.76
1760860004.2830136,2025-10-19 07:46:44,106706.27
1760860064.5909698,2025-10-19 07:47:44,106734.15
1760860124.89518,2025-10-19 07:48:44,106716.77
1760860185.1893518,2025-10-19 07:49:45,106730.02
1760860245.49525,2025-10-19 07:50:45,106730.03
1760860305.802304,2025-10-19 07:51:45,106730.03
1760860366.1118379,2025-10-19 07:52:46,106766.0
1760860426.4204679,2025-10-19 07:53:46,106765.99
1760860486.7267137,2025-10-19 07:54:46,106797.22
1760860547.0332546,2025-10-19 07:55:47,106792.95
1760860607.342501,2025-10-19 07:56:47,106792.96
1760860667.650847,2025-10-19 07:57:47,106795.0
1760860727.9504979,2025-10-19 07:58:47,106773.63
1760860788.2582169,2025-10-19 07:59:48,106785.99
1760860848.5648913,2025-10-19 08:00:48,106788.58
1760860908.8733885,2025-10-19 08:01:48,106876.76
1760860969.177375,2025-10-19 08:02:49,106830.0
1760861029.486797,2025-10-19 08:03:49,106807.62
1760861089.798386,2025-10-19 08:04:49,106810.31
1760861150.110946,2025-10-19 08:05:50,106838.17
1760861210.4180892,2025-10-19 08:06:50,106838.17
1760861270.7220619,2025-10-19 08:07:50,106838.16
1760861331.0332952,2025-10-19 08:08:51,106838.16
1760861391.3421047,2025-10-19 08:09:51,106839.0
1760861451.6456077,2025-10-19 08:10:51,106821.53
1760861511.9530153,2025-10-19 08:11:51,106821.53
1760861572.262676,2025-10-19 08:12:52,106778.14
1760861632.5689108,2025-10-19 08:13:52,106778.15
1760861692.8763645,2025-10-19 08:14:52,106820.44
1760861753.1830974,2025-10-19 08:15:53,106851.45
1760861813.482424,2025-10-19 08:16:53,106770.22
1760861873.7857795,2025-10-19 08:17:53,106749.02
1760861934.0966103,2025-10-19 08:18:54,106970.7
1760861994.4074042,2025-10-19 08:19:54,107129.71
1760862054.71019,2025-10-19 08:20:54,106957.27
1760862115.0137985,2025-10-19 08:21:55,106999.72
1760862175.3186705,2025-10-19 08:22:55,106862.32
1760862235.623841,2025-10-19 08:23:55,106915.92
1760862295.926922,2025-10-19 08:24:55,106616.94
1760862356.2161677,2025-10-19 08:25:56,106320.0
1760862416.522216,2025-10-19 08:26:56,106581.06
1760862476.8260562,2025-10-19 08:27:56,106646.63
1760862537.1330214,2025-10-19 08:28:57,106677.9
1760862597.4368641,2025-10-19 08:29:57,106706.09
1760862657.742216,2025-10-19 08:30:57,106680.94
1760862718.0497067,2025-10-19 08:31:58,106666.66
1760862778.3543,2025-10-19 08:32:58,106707.57
1760862838.6619582,2025-10-19 08:33:58,106687.26
1760862898.9661987,2025-10-19 08:34:58,106620.01
1760862959.2704887,2025-10-19 08:35:59,106598.64
1760863019.5781844,2025-10-19 08:36:59,106632.23
1760863079.8894784,2025-10-19 08:37:59,106642.21
1760863140.1946416,2025-10-19 08:39:00,106609.91
1760863200.5068367,2025-10-19 08:40:00,106494.99
1760863260.8106062,2025-10-19 08:41:00,106538.73
1760863321.1137292,2025-10-19 08:42:01,106516.41
1760863381.4208548,2025-10-19 08:43:01,106480.02
1760863441.7261848,2025-10-19 08:44:01,106520.52
1760863502.0312188,2025-10-19 08:45:02,106476.71
1760863562.3391948,2025-10-19 08:46:02,106458.15
1760863622.6464865,2025-10-19 08:47:02,106479.6
1760863682.9557576,2025-10-19 08:48:02,106455.67
1760863743.2631073,2025-10-19 08:49:03,106394.12
1760863803.568846,2025-10-19 08:50:03,106334.48
1760863863.8761094,2025-10-19 08:51:03,106287.2
1760863924.1821077,2025-10-19 08:52:04,106317.81
1760863984.4919772,2025-10-19 08:53:04,106426.24
1760864044.802293,2025-10-19 08:54:04,106495.73
1760864105.1089423,2025-10-19 08:55:05,106464.43
1760864165.4160259,2025-10-19 08:56:05,106435.73
1760864225.7228272,2025-10-19 08:57:05,106497.78
1760864286.031058,2025-10-19 08:58:06,106517.86
1760864346.3414962,2025-10-19 08:59:06,106478.57
1760864406.6448033,2025-10-19 09:00:06,106418.28
1760864466.9494767,2025-10-19 09:01:06,106390.04
1760864527.2560954,2025-10-19 09:02:07,106388.38
1760864587.5679095,2025-10-19 09:03:07,106456.95
1760864647.8802478,2025-10-19 09:04:07,106415.6
1760864708.1868906,2025-10-19 09:05:08,106330.57
1760864768.4890616,2025-10-19 09:06:08,106218.06
1760864828.7954774,2025-10-19 09:07:08,106320.06
1760864889.0976956,2025-10-19 09:08:09,106351.09
1760864949.4045115,2025-10-19 09:09:09,106312.62
1760865009.7160695,2025-10-19 09:10:09,106214.0
1760865070.0267415,2025-10-19 09:11:10,106212.66
1760865130.330274,2025-10-19 09:12:10,106239.26
1760865190.6367047,2025-10-19 09:13:10,106234.02
1760865250.9470482,2025-10-19 09:14:10,106250.0
1760865311.2522054,2025-10-19 09:15:11,106318.72
1760865371.5569677,2025-10-19 09:16:11,106370.75
1760865431.8628404,2025-10-19 09:17:11,106384.84
1760865492.1405742,2025-10-19 09:18:12,106387.28
1760865552.4470692,2025-10-19 09:19:12,106413.6
1760865612.7393866,2025-10-19 09:20:12,106379.71
1760865673.043941,2025-10-19 09:21:13,106413.96
1760865733.3417332,2025-10-19 09:22:13,106366.98
1760865793.6457956,2025-10-19 09:23:13,106322.99
1760865853.9536037,2025-10-19 09:24:13,106311.35
1760865914.2643588,2025-10-19 09:25:14,106211.43
1760865974.5731063,2025-10-19 09:26:14,106194.53
1760866034.8813035,2025-10-19 09:27:14,106190.8
1760866095.187005,2025-10-19 09:28:15,106169.3
1760866155.4941928,2025-10-19 09:29:15,106134.75
1760866215.8020158,2025-10-19 09:30:15,106175.03
1760866276.108945,2025-10-19 09:31:16,106216.09
1760866336.4150963,2025-10-19 09:32:16,106284.0
1760866396.7090862,2025-10-19 09:33:16,106331.73
1760866457.0167334,2025-10-19 09:34:17,106359.99
1760866517.325639,2025-10-19 09:35:17,106354.44
1760866577.628986,2025-10-19 09:36:17,106373.54
1760866637.934119,2025-10-19 09:37:17,106366.24
1760866698.2392702,2025-10-19 09:38:18,106341.08
1760866758.534907,2025-10-19 09:39:18,106394.45
1760866818.842871,2025-10-19 09:40:18,106474.64
1760866879.1473844,2025-10-19 09:41:19,107022.29
1760866939.4545746,2025-10-19 09:42:19,107174.24
1760866999.7638507,2025-10-19 09:43:19,106964.53
1760867060.074355,2025-10-19 09:44:20,106990.27
1760867120.3788044,2025-10-19 09:45:20,106990.64
1760867180.6848958,2025-10-19 09:46:20,106999.97
1760867240.989079,2025-10-19 09:47:20,106910.12
1760867301.2948496,2025-10-19 09:48:21,107100.0
1760867361.5998878,2025-10-19 09:49:21,107876.01
1760867421.904057,2025-10-19 09:50:21,107856.63
1760867482.210577,2025-10-19 09:51:22,107774.96
1760867542.5236716,2025-10-19 09:52:22,107506.15
1760867602.827584,2025-10-19 09:53:22,107504.01
1760867663.1300807,2025-10-19 09:54:23,107504.01
1760867723.4240746,2025-10-19 09:55:23,107638.93
1760867783.7297277,2025-10-19 09:56:23,107625.41
1760867844.0328367,2025-10-19 09:57:24,107496.27
1760867904.3399656,2025-10-19 09:58:24,107431.37
1760867964.6479905,2025-10-19 09:59:24,107411.69
1760868024.9571288,2025-10-19 10:00:24,107534.73
1760868085.2674181,2025-10-19 10:01:25,107524.57
1760868145.5772195,2025-10-19 10:02:25,107566.47
1760868205.8832684,2025-10-19 10:03:25,107499.99
1760868266.18498,2025-10-19 10:04:26,107422.97
1760868326.4928968,2025-10-19 10:05:26,107250.0
1760868386.8009114,2025-10-19 10:06:26,107296.99
1760868447.1023638,2025-10-19 10:07:27,107360.91
1760868507.4049122,2025-10-19 10:08:27,107336.14
1760868567.7122803,2025-10-19 10:09:27,107359.95
1760868628.0186706,2025-10-19 10:10:28,107368.75
1760868688.3270583,2025-10-19 10:11:28,107425.25
1760868748.6153936,2025-10-19 10:12:28,107430.67
1760868808.9214673,2025-10-19 10:13:28,107328.61
1760868869.2242923,2025-10-19 10:14:29,107337.51
1760868929.5292275,2025-10-19 10:15:29,107400.4
1760868989.8322709,2025-10-19 10:16:29,107401.99
1760869050.140751,2025-10-19 10:17:30,107344.0
1760869110.4461825,2025-10-19 10:18:30,107389.26
1760869170.7570796,2025-10-19 10:19:30,107499.09
1760869231.0649006,2025-10-19 10:20:31,107484.92
1760869291.3697472,2025-10-19 10:21:31,107457.35
1760869351.6741168,2025-10-19 10:22:31,107499.99
1760869411.9834278,2025-10-19 10:23:31,107514.13
1760869472.2922657,2025-10-19 10:24:32,107555.63
1760869532.598049,2025-10-19 10:25:32,107711.99
1760869592.8982491,2025-10-19 10:26:32,107690.59
1760869653.2109191,2025-10-19 10:27:33,107762.79
1760869713.5158389,2025-10-19 10:28:33,107798.9
1760869773.8184264,2025-10-19 10:29:33,107803.02
1760869834.1268702,2025-10-19 10:30:34,107800.01
1760869894.4090354,2025-10-19 10:31:34,107757.57
1760869954.7662745,2025-10-19 10:32:34,107704.01
1760870015.0706043,2025-10-19 10:33:35,107701.0
1760870075.3810818,2025-10-19 10:34:35,107685.16
1760870135.6890192,2025-10-19 10:35:35,107662.79
1760870195.9962583,2025-10-19 10:36:35,107705.0
1760870256.3007734,2025-10-19 10:37:36,107674.4
1760870316.6121514,2025-10-19 10:38:36,107710.01
1760870376.9192932,2025-10-19 10:39:36,107652.97
1760870437.2295823,2025-10-19 10:40:37,107682.35
1760870497.5397866,2025-10-19 10:41:37,107680.24
1760870557.8420951,2025-10-19 10:42:37,107705.78
1760870618.1487317,2025-10-19 10:43:38,107699.96
1760870678.4525483,2025-10-19 10:44:38,107739.7
1760870738.7634017,2025-10-19 10:45:38,107725.55
1760870799.069956,2025-10-19 10:46:39,107660.25
1760870859.3711636,2025-10-19 10:47:39,107680.2
1760870919.685244,2025-10-19 10:48:39,107606.09
1760870979.9902072,2025-10-19 10:49:39,107590.81
1760871040.2942588,2025-10-19 10:50:40,107596.76
1760871100.603512,2025-10-19 10:51:40,107598.25
1760871160.9095697,2025-10-19 10:52:40,107550.68
1760871221.216192,2025-10-19 10:53:41,107594.84
1760871281.5206726,2025-10-19 10:54:41,107699.99
1760871341.825689,2025-10-19 10:55:41,107695.68
1760871402.123299,2025-10-19 10:56:42,107633.62
1760871462.4321434,2025-10-19 10:57:42,107709.75
1760871522.742145,2025-10-19 10:58:42,107832.77
1760871583.048992,2025-10-19 10:59:43,107887.98
1760871643.355606,2025-10-19 11:00:43,108007.88
1760871703.657705,2025-10-19 11:01:43,107949.87
1760871763.968941,2025-10-19 11:02:43,107954.66
1760871824.2769327,2025-10-19 11:03:44,107923.5
1760871884.584463,2025-10-19 11:04:44,108000.4
1760871944.8873932,2025-10-19 11:05:44,107983.86
1760872005.1912591,2025-10-19 11:06:45,108047.39
1760872065.4848108,2025-10-19 11:07:45,108078.44
1760872126.2189288,2025-10-19 11:08:46,108107.27
1760872186.513643,2025-10-19 11:09:46,108160.03
1760872246.8197892,2025-10-19 11:10:46,108232.03
1760872307.1264107,2025-10-19 11:11:47,108151.14
1760872367.4314067,2025-10-19 11:12:47,108079.94
1760872427.7407112,2025-10-19 11:13:47,108175.35
1760872488.0475376,2025-10-19 11:14:48,108113.0
1760872548.3514574,2025-10-19 11:15:48,108103.59
1760872608.6611996,2025-10-19 11:16:48,108060.43
1760872668.9724312,2025-10-19 11:17:48,108144.22
1760872729.3012702,2025-10-19 11:18:49,108066.03
1760872789.6043031,2025-10-19 11:19:49,108035.95
1760872849.9078116,2025-10-19 11:20:49,108016.27
1760872910.2182558,2025-10-19 11:21:50,107981.25
1760872970.5066903,2025-10-19 11:22:50,107979.42
1760873030.8061852,2025-10-19 11:23:50,107952.44
1760873091.1187787,2025-10-19 11:24:51,107952.12
1760873151.428498,2025-10-19 11:25:51,107891.76
1760873211.7321525,2025-10-19 11:26:51,107891.76
1760873272.0415518,2025-10-19 11:27:52,107825.58
1760873332.358782,2025-10-19 11:28:52,107852.55
1760873392.6614294,2025-10-19 11:29:52,107838.01
1760873452.9697244,2025-10-19 11:30:52,107864.71
1760873513.2637575,2025-10-19 11:31:53,107919.99
1760873573.572878,2025-10-19 11:32:53,107980.0
1760873633.8818028,2025-10-19 11:33:53,107954.17
1760873694.1908576,2025-10-19 11:34:54,107940.01
1760873754.5013976,2025-10-19 11:35:54,107925.11
1760873814.7935464,2025-10-19 11:36:54,107960.02
1760873875.1005435,2025-10-19 11:37:55,107884.25
1760873935.4125419,2025-10-19 11:38:55,107934.16
1760873995.7220385,2025-10-19 11:39:55,107925.87
1760874056.0310903,2025-10-19 11:40:56,107892.49
1760874116.3387024,2025-10-19 11:41:56,107862.49
1760874176.6468294,2025-10-19 11:42:56,107862.05
1760874236.9577324,2025-10-19 11:43:56,107818.5
1760874297.265004,2025-10-19 11:44:57,107812.95
1760874357.568585,2025-10-19 11:45:57,107804.19
1760874417.8574405,2025-10-19 11:46:57,107744.12
1760874478.1452944,2025-10-19 11:47:58,107717.48
1760874538.4540362,2025-10-19 11:48:58,107690.18
1760874598.763005,2025-10-19 11:49:58,107663.95
1760874659.074008,2025-10-19 11:50:59,107678.96
1760874719.3833861,2025-10-19 11:51:59,107703.37
1760874779.692343,2025-10-19 11:52:59,107747.25
1760874840.0051117,2025-10-19 11:54:00,107736.47
1760874900.3123035,2025-10-19 11:55:00,107700.18
1760874960.6209655,2025-10-19 11:56:00,107731.92
1760875020.930989,2025-10-19 11:57:00,107752.35
1760875081.2382262,2025-10-19 11:58:01,107776.76
1760875141.545924,2025-10-19 11:59:01,107810.42
1760875201.8526638,2025-10-19 12:00:01,107783.47
1760875262.163045,2025-10-19 12:01:02,107785.52
1760875322.473751,2025-10-19 12:02:02,107794.62
1760875382.7785325,2025-10-19 12:03:02,107772.49
1760875443.1600916,2025-10-19 12:04:03,107796.02
1760875503.4665596,2025-10-19 12:05:03,107762.14
1760875563.7763507,2025-10-19 12:06:03,107806.19
1760875624.0846727,2025-10-19 12:07:04,107841.48
1760875684.3940334,2025-10-19 12:08:04,107773.46
1760875744.7054887,2025-10-19 12:09:04,107723.06
1760875805.012764,2025-10-19 12:10:05,107704.1
1760875865.3184633,2025-10-19 12:11:05,107689.24
1760875925.630064,2025-10-19 12:12:05,107627.0
1760875985.934769,2025-10-19 12:13:05,107603.71
1760876046.2406447,2025-10-19 12:14:06,107563.69
1760876106.624384,2025-10-19 12:15:06,107535.45
1760876166.9322205,2025-10-19 12:16:06,107537.19
1760876227.2379658,2025-10-19 12:17:07,107518.41
1760876287.547646,2025-10-19 12:18:07,107548.2
1760876347.8526394,2025-10-19 12:19:07,107624.0
1760876408.1582747,2025-10-19 12:20:08,107613.7
1760876468.4711108,2025-10-19 12:21:08,107567.56
1760876528.7866776,2025-10-19 12:22:08,107559.64
1760876589.097241,2025-10-19 12:23:09,107577.13
1760876649.402361,2025-10-19 12:24:09,107585.72
1760876709.7133076,2025-10-19 12:25:09,107591.27
1760876770.0179543,2025-10-19 12:26:10,107550.0
1760876830.3270576,2025-10-19 12:27:10,107519.29
1760876890.6320374,2025-10-19 12:28:10,107506.13
1760876950.9398632,2025-10-19 12:29:10,107485.34
1760877011.2559292,2025-10-19 12:30:11,107460.0
1760877071.5668004,2025-10-19 12:31:11,107563.99
1760877131.8715446,2025-10-19 12:32:11,107600.0
1760877192.1866648,2025-10-19 12:33:12,107579.85
1760877252.4966223,2025-10-19 12:34:12,107496.93
1760877312.8027823,2025-10-19 12:35:12,107523.0
1760877373.111367,2025-10-19 12:36:13,107604.13
1760877433.4214084,2025-10-19 12:37:13,107681.73
1760877493.7345521,2025-10-19 12:38:13,107655.02
1760877554.045402,2025-10-19 12:39:14,107677.01
1760877614.3548434,2025-10-19 12:40:14,107668.06
1760877674.6610336,2025-10-19 12:41:14,107653.59
1760877734.9676037,2025-10-19 12:42:14,107618.47
1760877795.2882557,2025-10-19 12:43:15,107602.76
1760877855.6003504,2025-10-19 12:44:15,107578.01
1760877915.8836715,2025-10-19 12:45:15,107482.3
1760877976.1983922,2025-10-19 12:46:16,107471.6
1760878036.5056102,2025-10-19 12:47:16,107457.01
1760878096.80728,2025-10-19 12:48:16,107477.67
1760878157.111802,2025-10-19 12:49:17,107533.99
1760878217.4182923,2025-10-19 12:50:17,107535.44
1760878277.726082,2025-10-19 12:51:17,107527.03
1760878338.0309894,2025-10-19 12:52:18,107562.0
1760878398.33139,2025-10-19 12:53:18,107547.06
1760878458.641053,2025-10-19 12:54:18,107546.77
1760878518.9512794,2025-10-19 12:55:18,107558.87
1760878579.262082,2025-10-19 12:56:19,107579.0
1760878639.5669785,2025-10-19 12:57:19,107600.0
1760878699.8730655,2025-10-19 12:58:19,107592.6
1760878760.1825554,2025-10-19 12:59:20,107579.02
1760878820.4875455,2025-10-19 13:00:20,107633.92
1760878880.7867825,2025-10-19 13:01:20,107588.15
1760878941.0924106,2025-10-19 13:02:21,107579.0
1760879001.3979595,2025-10-19 13:03:21,107514.13
1760879061.7080317,2025-10-19 13:04:21,107602.82
1760879122.0151334,2025-10-19 13:05:22,107607.0
1760879182.319708,2025-10-19 13:06:22,107560.71
1760879242.6146576,2025-10-19 13:07:22,107486.88
1760879302.9241338,2025-10-19 13:08:22,107467.35
1760879363.2289228,2025-10-19 13:09:23,107432.66
1760879423.536854,2025-10-19 13:10:23,107417.27
1760879483.8423433,2025-10-19 13:11:23,107409.36
1760879544.1510472,2025-10-19 13:12:24,107404.31
1760879604.4559488,2025-10-19 13:13:24,107355.03
1760879664.7651298,2025-10-19 13:14:24,107408.66
1760879725.0787735,2025-10-19 13:15:25,107410.49
1760879785.386736,2025-10-19 13:16:25,107401.66
1760879845.6919878,2025-10-19 13:17:25,107462.88
1760879905.9983573,2025-10-19 13:18:25,107466.5
1760879966.301595,2025-10-19 13:19:26,107380.5
1760880026.6138916,2025-10-19 13:20:26,107463.02
1760880086.9226954,2025-10-19 13:21:26,107410.08
1760880147.228957,2025-10-19 13:22:27,107435.5
1760880207.5389464,2025-10-19 13:23:27,107505.95
1760880267.8493261,2025-10-19 13:24:27,107481.93
1760880328.1558194,2025-10-19 13:25:28,107452.01
1760880388.4718907,2025-10-19 13:26:28,107418.22
1760880448.7864468,2025-10-19 13:27:28,107492.4
1760880509.0940135,2025-10-19 13:28:29,107450.9
1760880569.4684222,2025-10-19 13:29:29,107449.79
1760880629.7809684,2025-10-19 13:30:29,107577.99
1760880690.0823417,2025-10-19 13:31:30,107611.17
1760880750.3932292,2025-10-19 13:32:30,107533.22
1760880810.7024455,2025-10-19 13:33:30,107632.94
1760880871.0191145,2025-10-19 13:34:31,107621.77
1760880931.326033,2025-10-19 13:35:31,107556.04
1760880991.6351652,2025-10-19 13:36:31,107636.8
1760881051.9405277,2025-10-19 13:37:31,107675.37
1760881112.2487497,2025-10-19 13:38:32,107713.24
1760881172.5561714,2025-10-19 13:39:32,107721.97
1760881232.859829,2025-10-19 13:40:32,107692.71
1760881293.1666207,2025-10-19 13:41:33,107730.08
1760881353.478004,2025-10-19 13:42:33,107796.98
1760881413.7906578,2025-10-19 13:43:33,107837.78
1760881474.1023452,2025-10-19 13:44:34,107758.47
1760881534.411409,2025-10-19 13:45:34,107791.82
1760881594.703607,2025-10-19 13:46:34,107757.7
1760881655.0099466,2025-10-19 13:47:35,107861.32
1760881715.322549,2025-10-19 13:48:35,107887.71
1760881775.6349678,2025-10-19 13:49:35,107969.9
1760881835.9408042,2025-10-19 13:50:35,107880.09
1760881896.2603493,2025-10-19 13:51:36,107932.51
1760881956.5681992,2025-10-19 13:52:36,107926.03
1760882016.8750396,2025-10-19 13:53:36,108036.93
1760882077.1861632,2025-10-19 13:54:37,107996.21
1760882137.4951496,2025-10-19 13:55:37,107939.66
1760882197.8024793,2025-10-19 13:56:37,108065.54
1760882258.1097634,2025-10-19 13:57:38,108194.94
1760882318.4197083,2025-10-19 13:58:38,108091.76
1760882378.7316542,2025-10-19 13:59:38,108085.3
1760882439.0539625,2025-10-19 14:00:39,108056.62
1760882499.3549225,2025-10-19 14:01:39,108025.65
1760882559.6640608,2025-10-19 14:02:39,107967.36
1760882619.9768724,2025-10-19 14:03:39,108007.54
1760882680.2862453,2025-10-19 14:04:40,107909.91
1760882740.5930805,2025-10-19 14:05:40,107911.53
1760882800.8990128,2025-10-19 14:06:40,107931.49
1760882861.2060194,2025-10-19 14:07:41,107969.38
1760882921.5186925,2025-10-19 14:08:41,107918.4
1760882981.828438,2025-10-19 14:09:41,107959.59
1760883042.138008,2025-10-19 14:10:42,108060.0
1760883102.4479895,2025-10-19 14:11:42,108140.61
1760883162.7623975,2025-10-19 14:12:42,108105.01
1760883223.0700397,2025-10-19 14:13:43,108061.07
1760883283.3768544,2025-10-19 14:14:43,107990.4
1760883343.6857939,2025-10-19 14:15:43,107981.24
1760883403.9918606,2025-10-19 14:16:43,108019.65
1760883464.3033912,2025-10-19 14:17:44,108156.48
1760883524.6114502,2025-10-19 14:18:44,108211.01
1760883584.926841,2025-10-19 14:19:44,108230.48
1760883645.236533,2025-10-19 14:20:45,108334.34
1760883705.544239,2025-10-19 14:21:45,108497.22
1760883765.852617,2025-10-19 14:22:45,108395.49
1760883826.1568797,2025-10-19 14:23:46,108366.96
1760883886.4452524,2025-10-19 14:24:46,108340.3
1760883946.758976,2025-10-19 14:25:46,108407.11
1760884007.0640733,2025-10-19 14:26:47,108419.19
1760884067.3773916,2025-10-19 14:27:47,108430.85
1760884127.6882007,2025-10-19 14:28:47,108396.1
1760884187.996765,2025-10-19 14:29:47,108384.25
1760884248.3077157,2025-10-19 14:30:48,108354.55
1760884308.6144323,2025-10-19 14:31:48,108427.52
1760884368.9240084,2025-10-19 14:32:48,108429.47
1760884429.2329803,2025-10-19 14:33:49,108416.0
1760884489.549117,2025-10-19 14:34:49,108336.99
1760884549.8627732,2025-10-19 14:35:49,108328.06
1760884610.1800313,2025-10-19 14:36:50,108348.51
1760884670.4901068,2025-10-19 14:37:50,108382.07
1760884730.8360891,2025-10-19 14:38:50,108324.64
1760884791.1354423,2025-10-19 14:39:51,108180.01
1760884851.449671,2025-10-19 14:40:51,108241.68
1760884911.7594082,2025-10-19 14:41:51,108175.9
1760884972.0683196,2025-10-19 14:42:52,108195.57
1760885032.3820708,2025-10-19 14:43:52,108209.0
1760885092.6926193,2025-10-19 14:44:52,108261.88
1760885153.0236342,2025-10-19 14:45:53,108187.04
1760885213.3338754,2025-10-19 14:46:53,108201.47
1760885273.643887,2025-10-19 14:47:53,108245.99
1760885333.9529345,2025-10-19 14:48:53,108244.51
1760885394.259147,2025-10-19 14:49:54,108276.13
1760885454.565758,2025-10-19 14:50:54,108242.92
1760885514.8696992,2025-10-19 14:51:54,108328.65
1760885575.1817102,2025-10-19 14:52:55,108359.22
1760885635.4605565,2025-10-19 14:53:55,108390.56
1760885695.7663856,2025-10-19 14:54:55,108434.4
1760885756.0716822,2025-10-19 14:55:56,108416.95
1760885816.3820143,2025-10-19 14:56:56,108450.38
1760885876.6685255,2025-10-19 14:57:56,108481.75
1760885936.982171,2025-10-19 14:58:56,108423.69
1760885997.2872934,2025-10-19 14:59:57,108405.48
1760886057.5790923,2025-10-19 15:00:57,108466.17
1760886117.8892252,2025-10-19 15:01:57,108530.52
1760886178.1933918,2025-10-19 15:02:58,108439.93
1760886238.525848,2025-10-19 15:03:58,108435.32
1760886298.830617,2025-10-19 15:04:58,108470.79
1760886359.1439836,2025-10-19 15:05:59,108510.26
1760886419.4536312,2025-10-19 15:06:59,108434.42
1760886479.770472,2025-10-19 15:07:59,108454.12
1760886540.0808158,2025-10-19 15:09:00,108550.0
1760886600.3931231,2025-10-19 15:10:00,108539.72
1760886660.7323477,2025-10-19 15:11:00,108482.52
1760886721.0415158,2025-10-19 15:12:01,108496.32
1760886781.3546944,2025-10-19 15:13:01,108524.67
1760886841.6671078,2025-10-19 15:14:01,108535.52
1760886901.9834845,2025-10-19 15:15:01,108492.52
1760886962.2927709,2025-10-19 15:16:02,108425.34
1760887022.571431,2025-10-19 15:17:02,108422.22
1760887082.878745,2025-10-19 15:18:02,108429.75
1760887143.185213,2025-10-19 15:19:03,108417.71
1760887203.495649,2025-10-19 15:20:03,108451.99
1760887263.80411,2025-10-19 15:21:03,108548.33
1760887324.1108701,2025-10-19 15:22:04,108594.27
1760887384.4175272,2025-10-19 15:23:04,108592.86
1760887444.731974,2025-10-19 15:24:04,108549.27
1760887505.040364,2025-10-19 15:25:05,108566.24
1760887565.34699,2025-10-19 15:26:05,108471.38
1760887625.6557662,2025-10-19 15:27:05,108508.87
1760887685.967606,2025-10-19 15:28:05,108491.82
1760887746.276525,2025-10-19 15:29:06,108471.0
1760887806.5786717,2025-10-19 15:30:06,108510.04
1760887866.8790145,2025-10-19 15:31:06,108406.44
1760887927.1958778,2025-10-19 15:32:07,108454.34
1760887987.5081012,2025-10-19 15:33:07,108453.73
1760888047.8189368,2025-10-19 15:34:07,108469.22
1760888108.1329784,2025-10-19 15:35:08,108421.41
1760888168.4610717,2025-10-19 15:36:08,108406.0
1760888228.7742627,2025-10-19 15:37:08,108386.79
1760888289.101826,2025-10-19 15:38:09,108438.7
1760888349.4192195,2025-10-19 15:39:09,108422.47
1760888409.7225368,2025-10-19 15:40:09,108379.8
1760888470.0406957,2025-10-19 15:41:10,108330.0
1760888530.348836,2025-10-19 15:42:10,108330.0
1760888590.6824834,2025-10-19 15:43:10,108336.45
1760888650.989452,2025-10-19 15:44:10,108359.01
1760888711.3007429,2025-10-19 15:45:11,108384.0
1760888771.6120129,2025-10-19 15:46:11,108420.66
1760888831.927766,2025-10-19 15:47:11,108432.81
1760888892.2374663,2025-10-19 15:48:12,108436.83
1760888952.5497913,2025-10-19 15:49:12,108456.29
1760889012.8602145,2025-10-19 15:50:12,108475.88
1760889073.1615534,2025-10-19 15:51:13,108465.27
1760889133.475383,2025-10-19 15:52:13,108442.73
1760889193.7862136,2025-10-19 15:53:13,108435.35
1760889254.1014879,2025-10-19 15:54:14,108388.04
1760889314.4145703,2025-10-19 15:55:14,108400.0
1760889374.7367754,2025-10-19 15:56:14,108373.69
1760889435.0550387,2025-10-19 15:57:15,108411.23
1760889495.3620677,2025-10-19 15:58:15,108439.17
1760889555.6712852,2025-10-19 15:59:15,108476.2
1760889615.992982,2025-10-19 16:00:15,108504.85
1760889676.3019824,2025-10-19 16:01:16,108454.0
1760889736.6098094,2025-10-19 16:02:16,108440.12
1760889796.9374661,2025-10-19 16:03:16,108412.05
1760889857.2603867,2025-10-19 16:04:17,108412.07
1760889917.5746639,2025-10-19 16:05:17,108382.83
1760889977.882457,2025-10-19 16:06:17,108366.01
1760890038.1912882,2025-10-19 16:07:18,108329.16
1760890098.5075157,2025-10-19 16:08:18,108310.01
1760890158.812671,2025-10-19 16:09:18,108362.13
1760890219.1230223,2025-10-19 16:10:19,108399.98
1760890279.4338424,2025-10-19 16:11:19,108387.51
1760890339.7452598,2025-10-19 16:12:19,108387.5
1760890400.0575984,2025-10-19 16:13:20,108330.02
1760890460.3716016,2025-10-19 16:14:20,108360.0
1760890520.6827745,2025-10-19 16:15:20,108344.68
1760890580.9902146,2025-10-19 16:16:20,108319.16
1760890641.2982624,2025-10-19 16:17:21,108290.0
1760890701.6072955,2025-10-19 16:18:21,108309.32
1760890761.918845,2025-10-19 16:19:21,108313.89
1760890822.2318175,2025-10-19 16:20:22,108313.9
1760890882.5376425,2025-10-19 16:21:22,108242.1
1760890942.862099,2025-10-19 16:22:22,108278.66
1760891003.19177,2025-10-19 16:23:23,108305.81
1760891063.5060432,2025-10-19 16:24:23,108347.08
1760891123.8127809,2025-10-19 16:25:23,108335.93
1760891184.1235638,2025-10-19 16:26:24,108324.73
1760891244.4300053,2025-10-19 16:27:24,108358.55
1760891304.7352295,2025-10-19 16:28:24,108314.47
1760891365.0455637,2025-10-19 16:29:25,108353.74
1760891425.3571126,2025-10-19 16:30:25,108310.02
1760891485.6648407,2025-10-19 16:31:25,108316.5
1760891545.9707193,2025-10-19 16:32:25,108326.57
1760891606.281792,2025-10-19 16:33:26,108301.0
1760891666.5834363,2025-10-19 16:34:26,108293.98
1760891726.8916328,2025-10-19 16:35:26,108303.24
1760891787.2048404,2025-10-19 16:36:27,108264.0
1760891847.511043,2025-10-19 16:37:27,108279.18
1760891907.8235228,2025-10-19 16:38:27,108354.95
1760891968.1390612,2025-10-19 16:39:28,108384.98
1760892028.4523427,2025-10-19 16:40:28,108422.66
1760892088.7594204,2025-10-19 16:41:28,108450.0
1760892149.0657866,2025-10-19 16:42:29,108744.99
1760892209.3572032,2025-10-19 16:43:29,108828.19
1760892269.6665318,2025-10-19 16:44:29,108756.06
1760892329.982461,2025-10-19 16:45:29,108879.51
1760892390.299801,2025-10-19 16:46:30,108826.2
1760892450.6236517,2025-10-19 16:47:30,108686.65
1760892510.935416,2025-10-19 16:48:30,108718.71
1760892571.2536433,2025-10-19 16:49:31,108699.29
1760892631.5651696,2025-10-19 16:50:31,108733.72
1760892691.8703625,2025-10-19 16:51:31,108679.32
1760892752.1893866,2025-10-19 16:52:32,108677.18
1760892812.508492,2025-10-19 16:53:32,108668.57
1760892872.8166432,2025-10-19 16:54:32,108676.93
1760892933.121725,2025-10-19 16:55:33,108676.94
1760892993.4339254,2025-10-19 16:56:33,108676.94
1760893053.7416136,2025-10-19 16:57:33,108681.45
1760893114.0470662,2025-10-19 16:58:34,108625.76
1760893174.3710601,2025-10-19 16:59:34,108599.78
1760893234.6733406,2025-10-19 17:00:34,108618.97
1760893294.9816606,2025-10-19 17:01:34,108645.99
1760893355.2948678,2025-10-19 17:02:35,108697.89
1760893415.5878682,2025-10-19 17:03:35,108656.2
1760893475.8999178,2025-10-19 17:04:35,108656.19
1760893536.205973,2025-10-19 17:05:36,108786.56
1760893596.513066,2025-10-19 17:06:36,108798.04
1760893656.8210535,2025-10-19 17:07:36,108920.0
1760893717.1402595,2025-10-19 17:08:37,108952.08
1760893777.4414978,2025-10-19 17:09:37,108979.48
1760893837.7513416,2025-10-19 17:10:37,109025.42
1760893898.065669,2025-10-19 17:11:38,109076.54
1760893958.3810322,2025-10-19 17:12:38,109118.91
1760894018.6922426,2025-10-19 17:13:38,109051.04
1760894079.0068743,2025-10-19 17:14:39,109130.62
1760894139.3219829,2025-10-19 17:15:39,109308.79
1760894199.6309586,2025-10-19 17:16:39,109266.93
1760894259.9446428,2025-10-19 17:17:39,109392.09
1760894320.2587013,2025-10-19 17:18:40,109211.68
1760894380.5703928,2025-10-19 17:19:40,109079.76
1760894440.8762383,2025-10-19 17:20:40,109045.44
1760894501.1791632,2025-10-19 17:21:41,109064.6
1760894561.4956205,2025-10-19 17:22:41,109089.61
1760894621.807723,2025-10-19 17:23:41,109109.76
1760894682.1190894,2025-10-19 17:24:42,109200.0
1760894742.432067,2025-10-19 17:25:42,109236.71
1760894802.7432585,2025-10-19 17:26:42,109151.35
1760894863.0548346,2025-10-19 17:27:43,109091.82
1760894923.3788562,2025-10-19 17:28:43,109100.0
1760894983.6863701,2025-10-19 17:29:43,109067.47
1760895043.9860036,2025-10-19 17:30:43,109100.02
1760895104.2775161,2025-10-19 17:31:44,109095.23
1760895164.5827017,2025-10-19 17:32:44,109212.4
1760895224.8881927,2025-10-19 17:33:44,109202.96
1760895285.1930852,2025-10-19 17:34:45,109250.0
1760895345.4870622,2025-10-19 17:35:45,109200.02
1760895405.8062835,2025-10-19 17:36:45,109165.84
1760895466.1136801,2025-10-19 17:37:46,109144.31
1760895526.427551,2025-10-19 17:38:46,109144.27
1760895586.7302127,2025-10-19 17:39:46,109100.01
1760895647.0421572,2025-10-19 17:40:47,109100.0
1760895707.3543684,2025-10-19 17:41:47,109030.2
1760895767.670906,2025-10-19 17:42:47,109087.7
1760895827.978678,2025-10-19 17:43:47,109105.04
1760895888.2940028,2025-10-19 17:44:48,109150.59
1760895948.612311,2025-10-19 17:45:48,109156.18
1760896008.9236867,2025-10-19 17:46:48,109140.01
1760896069.2404,2025-10-19 17:47:49,109144.03
1760896129.5470695,2025-10-19 17:48:49,109120.0
1760896189.8530102,2025-10-19 17:49:49,109097.77
1760896250.160568,2025-10-19 17:50:50,109050.52
1760896310.4768724,2025-10-19 17:51:50,109050.17
1760896370.7862098,2025-10-19 17:52:50,109062.09
1760896431.0919237,2025-10-19 17:53:51,109154.7
1760896491.4075706,2025-10-19 17:54:51,109168.02
1760896551.7136412,2025-10-19 17:55:51,109121.14
1760896612.0192587,2025-10-19 17:56:52,109085.56
1760896672.352369,2025-10-19 17:57:52,109073.89
1760896732.6599703,2025-10-19 17:58:52,109101.59
1760896792.9658504,2025-10-19 17:59:52,109113.53
1760896853.2789314,2025-10-19 18:00:53,109136.12
1760896913.5887926,2025-10-19 18:01:53,109181.69
1760896973.8982687,2025-10-19 18:02:53,109175.33
1760897034.2062883,2025-10-19 18:03:54,109179.23
1760897094.522673,2025-10-19 18:04:54,109150.99
1760897154.836484,2025-10-19 18:05:54,109130.16
1760897215.1562936,2025-10-19 18:06:55,109151.73
1760897275.4636123,2025-10-19 18:07:55,109149.48
1760897335.7699804,2025-10-19 18:08:55,109100.0
1760897396.080583,2025-10-19 18:09:56,109052.58
1760897456.3913634,2025-10-19 18:10:56,109071.04
1760897516.7056968,2025-10-19 18:11:56,109067.01
1760897577.0218456,2025-10-19 18:12:57,109046.21
1760897637.335072,2025-10-19 18:13:57,109175.99
1760897697.6459904,2025-10-19 18:14:57,109217.53
1760897757.9587107,2025-10-19 18:15:57,109189.15
1760897818.2741394,2025-10-19 18:16:58,109172.07
1760897878.616497,2025-10-19 18:17:58,109149.4
1760897938.9262943,2025-10-19 18:18:58,109158.72
1760897999.2456229,2025-10-19 18:19:59,109139.01
1760898059.5636969,2025-10-19 18:20:59,109179.23
1760898119.8790007,2025-10-19 18:21:59,109227.79
1760898180.1936698,2025-10-19 18:23:00,109253.83
1760898240.5074415,2025-10-19 18:24:00,109298.94
1760898300.8026018,2025-10-19 18:25:00,109276.17
1760898361.1089373,2025-10-19 18:26:01,109241.05
1760898421.4191756,2025-10-19 18:27:01,109280.96
1760898481.7377958,2025-10-19 18:28:01,109296.66
1760898542.0654006,2025-10-19 18:29:02,109271.55
1760898602.3780272,2025-10-19 18:30:02,109225.02
1760898662.6857202,2025-10-19 18:31:02,109249.99
1760898723.002105,2025-10-19 18:32:03,109309.47
1760898783.313602,2025-10-19 18:33:03,109180.0
1760898843.6267407,2025-10-19 18:34:03,109192.93
1760898903.9443855,2025-10-19 18:35:03,109217.47
1760898964.2662141,2025-10-19 18:36:04,109236.43
1760899024.57754,2025-10-19 18:37:04,109247.12
1760899084.9229555,2025-10-19 18:38:04,109273.97
1760899145.2394278,2025-10-19 18:39:05,109276.72
1760899205.5509925,2025-10-19 18:40:05,109279.14
1760899265.8566663,2025-10-19 18:41:05,109327.76
1760899326.2021327,2025-10-19 18:42:06,109347.07
1760899386.5174937,2025-10-19 18:43:06,109365.9
1760899446.8314402,2025-10-19 18:44:06,109361.48
1760899507.146972,2025-10-19 18:45:07,109329.19
1760899567.464339,2025-10-19 18:46:07,109369.33
1760899627.7803652,2025-10-19 18:47:07,109379.17
1760899688.0944371,2025-10-19 18:48:08,109358.21
1760899748.4109447,2025-10-19 18:49:08,109365.37
1760899808.741858,2025-10-19 18:50:08,109355.67
1760899869.055855,2025-10-19 18:51:09,109336.2
1760899929.3746479,2025-10-19 18:52:09,109355.69
1760899989.6834078,2025-10-19 18:53:09,109397.8
1760900050.013074,2025-10-19 18:54:10,109393.67
1760900110.3142352,2025-10-19 18:55:10,109401.46
1760900170.6228735,2025-10-19 18:56:10,109435.0
1760900230.9482882,2025-10-19 18:57:10,109447.29
1760900291.2614605,2025-10-19 18:58:11,109404.94
1760900351.5691469,2025-10-19 18:59:11,109383.01
1760900411.924685,2025-10-19 19:00:11,109364.67
1760900472.23617,2025-10-19 19:01:12,109255.96
1760900532.5543234,2025-10-19 19:02:12,109246.71
1760900592.8686457,2025-10-19 19:03:12,109220.3
1760900653.1997528,2025-10-19 19:04:13,109152.21
1760900713.5534592,2025-10-19 19:05:13,109145.28
1760900773.8649912,2025-10-19 19:06:13,109104.13
1760900834.1839747,2025-10-19 19:07:14,109094.0
1760900894.4993865,2025-10-19 19:08:14,109087.66
1760900954.8117723,2025-10-19 19:09:14,109102.06
1760901015.1350777,2025-10-19 19:10:15,109092.86
1760901075.4459023,2025-10-19 19:11:15,109011.18
1760901135.7560694,2025-10-19 19:12:15,109010.95
1760901196.0829353,2025-10-19 19:13:16,109071.67
1760901256.3973565,2025-10-19 19:14:16,109077.19
1760901317.062768,2025-10-19 19:15:17,109044.47
1760901377.377019,2025-10-19 19:16:17,109108.03
1760901437.6735241,2025-10-19 19:17:17,109081.93
1760901497.9836416,2025-10-19 19:18:17,109136.31
1760901558.3016405,2025-10-19 19:19:18,109154.36
1760901618.613414,2025-10-19 19:20:18,109118.27
1760901678.9251313,2025-10-19 19:21:18,109132.68
1760901739.2350855,2025-10-19 19:22:19,109068.99
1760901799.575654,2025-10-19 19:23:19,109086.01
1760901859.8858416,2025-10-19 19:24:19,109148.0
1760901920.2258258,2025-10-19 19:25:20,109157.47
1760901980.5440414,2025-10-19 19:26:20,109149.77
1760902040.857052,2025-10-19 19:27:20,109134.26
1760902101.1625967,2025-10-19 19:28:21,109113.45
1760902161.4736636,2025-10-19 19:29:21,109148.71
1760902221.778713,2025-10-19 19:30:21,109106.88
1760902282.0937188,2025-10-19 19:31:22,109069.03
1760902342.4055183,2025-10-19 19:32:22,108984.45
1760902402.717186,2025-10-19 19:33:22,108965.22
1760902463.0324137,2025-10-19 19:34:23,108966.06
1760902523.3412287,2025-10-19 19:35:23,108858.54
1760902583.6622195,2025-10-19 19:36:23,108890.0
1760902643.9694314,2025-10-19 19:37:23,108972.49
1760902704.2763317,2025-10-19 19:38:24,109009.22
1760902764.587137,2025-10-19 19:39:24,108914.0
1760902824.8952463,2025-10-19 19:40:24,108915.32
1760902885.2057385,2025-10-19 19:41:25,108912.71
1760902945.5189614,2025-10-19 19:42:25,108896.85
1760903005.8294237,2025-10-19 19:43:25,108912.31
1760903066.1614962,2025-10-19 19:44:26,108944.34
1760903126.471659,2025-10-19 19:45:26,108921.31
1760903186.781011,2025-10-19 19:46:26,108900.1
1760903247.1007838,2025-10-19 19:47:27,108816.55
1760903307.4122515,2025-10-19 19:48:27,108818.69
1760903367.7173162,2025-10-19 19:49:27,108859.85
1760903428.0265818,2025-10-19 19:50:28,108902.87
1760903488.3634348,2025-10-19 19:51:28,108903.05
1760903548.674871,2025-10-19 19:52:28,108927.09
1760903608.9864872,2025-10-19 19:53:28,108915.21
1760903669.298066,2025-10-19 19:54:29,108913.3
1760903729.6067233,2025-10-19 19:55:29,108933.11
1760903789.9229035,2025-10-19 19:56:29,108956.02
1760903850.2368872,2025-10-19 19:57:30,108956.03
1760903910.549359,2025-10-19 19:58:30,108912.5
1760903970.8605688,2025-10-19 19:59:30,108908.42
1760904031.1779873,2025-10-19 20:00:31,108858.87
1760904091.5047886,2025-10-19 20:01:31,108847.32
1760904151.8143218,2025-10-19 20:02:31,108826.29
1760904212.1199613,2025-10-19 20:03:32,108826.27
1760904272.4406207,2025-10-19 20:04:32,108858.86
1760904332.7513843,2025-10-19 20:05:32,108858.87
1760904393.0734353,2025-10-19 20:06:33,108949.99
1760904453.3815558,2025-10-19 20:07:33,108954.01
1760904513.690812,2025-10-19 20:08:33,108984.9
1760904574.4462993,2025-10-19 20:09:34,108957.94
1760904634.763564,2025-10-19 20:10:34,108923.68
1760904695.0719206,2025-10-19 20:11:35,108958.4
1760904755.3835273,2025-10-19 20:12:35,108896.01
1760904815.6839077,2025-10-19 20:13:35,108891.01
1760904875.9951847,2025-10-19 20:14:35,108863.25
1760904936.3014593,2025-10-19 20:15:36,108862.62
1760904996.6147456,2025-10-19 20:16:36,108869.02
1760905056.9638028,2025-10-19 20:17:36,108828.38
1760905117.2776206,2025-10-19 20:18:37,108825.7
1760905177.5979826,2025-10-19 20:19:37,108837.88
1760905237.9061065,2025-10-19 20:20:37,108859.06
1760905298.2140841,2025-10-19 20:21:38,108929.22
1760905358.5316296,2025-10-19 20:22:38,108903.22
1760905418.8384354,2025-10-19 20:23:38,108903.31
1760905479.1555152,2025-10-19 20:24:39,108905.2
1760905539.463603,2025-10-19 20:25:39,108914.19
1760905599.7915084,2025-10-19 20:26:39,108914.19
1760905660.0967457,2025-10-19 20:27:40,108908.57
1760905720.4063277,2025-10-19 20:28:40,108921.18
1760905780.717078,2025-10-19 20:29:40,108920.03
1760905841.1704338,2025-10-19 20:30:41,108871.62
1760905901.483026,2025-10-19 20:31:41,108837.35
1760905961.7933593,2025-10-19 20:32:41,108880.35
1760906022.103036,2025-10-19 20:33:42,108853.18
1760906082.408892,2025-10-19 20:34:42,108879.99
1760906142.7159462,2025-10-19 20:35:42,108870.02
1760906203.0239027,2025-10-19 20:36:43,108878.25
1760906263.4024827,2025-10-19 20:37:43,108891.82
1760906323.7142117,2025-10-19 20:38:43,108882.24
1760906384.0248249,2025-10-19 20:39:44,108843.64
1760906444.3294914,2025-10-19 20:40:44,108846.43
1760906504.6390681,2025-10-19 20:41:44,108890.0
1760906564.946169,2025-10-19 20:42:44,108864.01
1760906625.250961,2025-10-19 20:43:45,108873.63
1760906685.5558045,2025-10-19 20:44:45,108883.12
1760906745.859893,2025-10-19 20:45:45,108962.84
1760906806.1689296,2025-10-19 20:46:46,108955.85
1760906866.4745555,2025-10-19 20:47:46,108891.43
1760906926.782465,2025-10-19 20:48:46,108882.21
1760906987.0946944,2025-10-19 20:49:47,108867.66
1760907047.4116795,2025-10-19 20:50:47,108897.88
1760907107.7203295,2025-10-19 20:51:47,108903.21
1760907168.0268414,2025-10-19 20:52:48,108885.92
1760907228.3329055,2025-10-19 20:53:48,108836.17
1760907288.6412427,2025-10-19 20:54:48,108849.21
1760907348.9491012,2025-10-19 20:55:48,108894.49
1760907409.2516181,2025-10-19 20:56:49,108920.51
1760907469.559473,2025-10-19 20:57:49,108887.77
1760907529.8676145,2025-10-19 20:58:49,108873.71
1760907590.1756742,2025-10-19 20:59:50,108836.18
1760907650.4813824,2025-10-19 21:00:50,108852.4
1760907710.7936578,2025-10-19 21:01:50,108830.09
1760907771.101475,2025-10-19 21:02:51,108813.66
1760907831.4123192,2025-10-19 21:03:51,108826.27
1760907891.7165656,2025-10-19 21:04:51,108851.08
1760907952.0237083,2025-10-19 21:05:52,108825.59
1760908012.3313696,2025-10-19 21:06:52,108854.25
1760908072.6391163,2025-10-19 21:07:52,108824.49
1760908132.9472115,2025-10-19 21:08:52,108835.28
1760908193.2550752,2025-10-19 21:09:53,108859.34
1760908253.5631316,2025-10-19 21:10:53,108848.46
1760908313.8583722,2025-10-19 21:11:53,108823.22
1760908374.1647854,2025-10-19 21:12:54,108801.65
1760908434.4784403,2025-10-19 21:13:54,108749.99
1760908494.784406,2025-10-19 21:14:54,108760.0
1760908555.0936277,2025-10-19 21:15:55,108763.18
1760908615.3986955,2025-10-19 21:16:55,108754.91
1760908675.7077155,2025-10-19 21:17:55,108691.64
1760908736.000286,2025-10-19 21:18:56,108700.0
1760908796.3074427,2025-10-19 21:19:56,108668.99
1760908856.6131423,2025-10-19 21:20:56,108671.75
1760908916.9264112,2025-10-19 21:21:56,108661.67
1760908977.2253778,2025-10-19 21:22:57,108635.61
1760909037.534388,2025-10-19 21:23:57,108635.61
1760909097.8401105,2025-10-19 21:24:57,108634.0
1760909158.1496272,2025-10-19 21:25:58,108634.0
1760909218.4608872,2025-10-19 21:26:58,108658.62
1760909278.7726178,2025-10-19 21:27:58,108632.99
1760909339.0729053,2025-10-19 21:28:59,108620.0
1760909399.3793812,2025-10-19 21:29:59,108620.0
1760909459.6800506,2025-10-19 21:30:59,108620.01
1760909519.9902296,2025-10-19 21:31:59,108645.6
1760909580.301425,2025-10-19 21:33:00,108627.2
1760909640.6092472,2025-10-19 21:34:00,108627.21
1760909700.891746,2025-10-19 21:35:00,108639.1
1760909761.1973476,2025-10-19 21:36:01,108649.75
1760909821.4963906,2025-10-19 21:37:01,108760.18
1760909881.8037932,2025-10-19 21:38:01,108766.17
1760909942.1048326,2025-10-19 21:39:02,108766.17
1760910002.4142375,2025-10-19 21:40:02,108755.3
1760910062.7110372,2025-10-19 21:41:02,108755.31
1760910123.0129035,2025-10-19 21:42:03,108755.3
1760910183.3201938,2025-10-19 21:43:03,108721.55
1760910243.6287131,2025-10-19 21:44:03,108732.77
1760910303.9200726,2025-10-19 21:45:03,108741.7
